County,Year,Population,Station,id
King,1960,935014,SEATTLE TACOMA AP,USW00024233
King,1961,952300,SEATTLE TACOMA AP,USW00024233
King,1962,971600,SEATTLE TACOMA AP,USW00024233
King,1963,984400,SEATTLE TACOMA AP,USW00024233
King,1964,1000200,SEATTLE TACOMA AP,USW00024233
King,1965,1024000,SEATTLE TACOMA AP,USW00024233
King,1966,1047500,SEATTLE TACOMA AP,USW00024233
King,1967,1098500,SEATTLE TACOMA AP,USW00024233
King,1968,1150000,SEATTLE TACOMA AP,USW00024233
King,1969,1161000,SEATTLE TACOMA AP,USW00024233
King,1970,1159375,SEATTLE TACOMA AP,USW00024233
King,1971,1158200,SEATTLE TACOMA AP,USW00024233
King,1972,1146000,SEATTLE TACOMA AP,USW00024233
King,1973,1143800,SEATTLE TACOMA AP,USW00024233
King,1974,1146200,SEATTLE TACOMA AP,USW00024233
King,1975,1148000,SEATTLE TACOMA AP,USW00024233
King,1976,1155700,SEATTLE TACOMA AP,USW00024233
King,1977,1164400,SEATTLE TACOMA AP,USW00024233
King,1978,1186900,SEATTLE TACOMA AP,USW00024233
King,1979,1231500,SEATTLE TACOMA AP,USW00024233
King,1980,1256800,SEATTLE TACOMA AP,USW00024233
King,1981,1309800,SEATTLE TACOMA AP,USW00024233
King,1982,1311400,SEATTLE TACOMA AP,USW00024233
King,1983,1315800,SEATTLE TACOMA AP,USW00024233
King,1984,1326600,SEATTLE TACOMA AP,USW00024233
King,1985,1346400,SEATTLE TACOMA AP,USW00024233
King,1986,1361700,SEATTLE TACOMA AP,USW00024233
King,1987,1384600,SEATTLE TACOMA AP,USW00024233
King,1988,1413900,SEATTLE TACOMA AP,USW00024233
King,1989,1446000,SEATTLE TACOMA AP,USW00024233
King,1990,1482800,SEATTLE TACOMA AP,USW00024233
King,1991,1542286,SEATTLE TACOMA AP,USW00024233
King,1992,1564486,SEATTLE TACOMA AP,USW00024233
King,1993,1587700,SEATTLE TACOMA AP,USW00024233
King,1994,1599500,SEATTLE TACOMA AP,USW00024233
King,1995,1613600,SEATTLE TACOMA AP,USW00024233
King,1996,1628800,SEATTLE TACOMA AP,USW00024233
King,1997,1646200,SEATTLE TACOMA AP,USW00024233
King,1998,1665800,SEATTLE TACOMA AP,USW00024233
King,1999,1677000,SEATTLE TACOMA AP,USW00024233
King,2000,1685600,SEATTLE TACOMA AP,USW00024233
King,2001,1758312,SEATTLE TACOMA AP,USW00024233
King,2002,1774312,SEATTLE TACOMA AP,USW00024233
King,2003,1779300,SEATTLE TACOMA AP,USW00024233
King,2004,1788300,SEATTLE TACOMA AP,USW00024233
King,2005,1808300,SEATTLE TACOMA AP,USW00024233
King,2006,1835300,SEATTLE TACOMA AP,USW00024233
King,2007,1861300,SEATTLE TACOMA AP,USW00024233
King,2008,1884200,SEATTLE TACOMA AP,USW00024233
King,2009,1909300,SEATTLE TACOMA AP,USW00024233
King,2010,1933400,SEATTLE TACOMA AP,USW00024233
King,2011,1942600,SEATTLE TACOMA AP,USW00024233
King,2012,1957000,SEATTLE TACOMA AP,USW00024233
King,2013,1981900,SEATTLE TACOMA AP,USW00024233
King,2014,2017250,SEATTLE TACOMA AP,USW00024233
King,2015,2052800,SEATTLE TACOMA AP,USW00024233
King,2016,2105100,SEATTLE TACOMA AP,USW00024233
King,2017,2153700,SEATTLE TACOMA AP,USW00024233
King,2018,2190200,SEATTLE TACOMA AP,USW00024233
King,2019,2226300,SEATTLE TACOMA AP,USW00024233
King,2020,2260800,SEATTLE TACOMA AP,USW00024233
King,2021,2287050,SEATTLE TACOMA AP,USW00024233
King,2022,2317700,SEATTLE TACOMA AP,USW00024233
King,2023,2347800,SEATTLE TACOMA AP,USW00024233
King,2024,2378100,SEATTLE TACOMA AP,USW00024233
Pierce,1960,321590,TACOMA MCCHORD AFB,USW00024207
Pierce,1961,329100,TACOMA MCCHORD AFB,USW00024207
Pierce,1962,337300,TACOMA MCCHORD AFB,USW00024207
Pierce,1963,342700,TACOMA MCCHORD AFB,USW00024207
Pierce,1964,349200,TACOMA MCCHORD AFB,USW00024207
Pierce,1965,358600,TACOMA MCCHORD AFB,USW00024207
Pierce,1966,368400,TACOMA MCCHORD AFB,USW00024207
Pierce,1967,383300,TACOMA MCCHORD AFB,USW00024207
Pierce,1968,398100,TACOMA MCCHORD AFB,USW00024207
Pierce,1969,412000,TACOMA MCCHORD AFB,USW00024207
Pierce,1970,412344,TACOMA MCCHORD AFB,USW00024207
Pierce,1971,410800,TACOMA MCCHORD AFB,USW00024207
Pierce,1972,404800,TACOMA MCCHORD AFB,USW00024207
Pierce,1973,404300,TACOMA MCCHORD AFB,USW00024207
Pierce,1974,411000,TACOMA MCCHORD AFB,USW00024207
Pierce,1975,413500,TACOMA MCCHORD AFB,USW00024207
Pierce,1976,420700,TACOMA MCCHORD AFB,USW00024207
Pierce,1977,422400,TACOMA MCCHORD AFB,USW00024207
Pierce,1978,442600,TACOMA MCCHORD AFB,USW00024207
Pierce,1979,453900,TACOMA MCCHORD AFB,USW00024207
Pierce,1980,466400,TACOMA MCCHORD AFB,USW00024207
Pierce,1981,501300,TACOMA MCCHORD AFB,USW00024207
Pierce,1982,504500,TACOMA MCCHORD AFB,USW00024207
Pierce,1983,507000,TACOMA MCCHORD AFB,USW00024207
Pierce,1984,514600,TACOMA MCCHORD AFB,USW00024207
Pierce,1985,524900,TACOMA MCCHORD AFB,USW00024207
Pierce,1986,530800,TACOMA MCCHORD AFB,USW00024207
Pierce,1987,538000,TACOMA MCCHORD AFB,USW00024207
Pierce,1988,547700,TACOMA MCCHORD AFB,USW00024207
Pierce,1989,560900,TACOMA MCCHORD AFB,USW00024207
Pierce,1990,574500,TACOMA MCCHORD AFB,USW00024207
Pierce,1991,603800,TACOMA MCCHORD AFB,USW00024207
Pierce,1992,624000,TACOMA MCCHORD AFB,USW00024207
Pierce,1993,640700,TACOMA MCCHORD AFB,USW00024207
Pierce,1994,648900,TACOMA MCCHORD AFB,USW00024207
Pierce,1995,660200,TACOMA MCCHORD AFB,USW00024207
Pierce,1996,665200,TACOMA MCCHORD AFB,USW00024207
Pierce,1997,674300,TACOMA MCCHORD AFB,USW00024207
Pierce,1998,686800,TACOMA MCCHORD AFB,USW00024207
Pierce,1999,700000,TACOMA MCCHORD AFB,USW00024207
Pierce,2000,706000,TACOMA MCCHORD AFB,USW00024207
Pierce,2001,713398,TACOMA MCCHORD AFB,USW00024207
Pierce,2002,724998,TACOMA MCCHORD AFB,USW00024207
Pierce,2003,733700,TACOMA MCCHORD AFB,USW00024207
Pierce,2004,744000,TACOMA MCCHORD AFB,USW00024207
Pierce,2005,755900,TACOMA MCCHORD AFB,USW00024207
Pierce,2006,773500,TACOMA MCCHORD AFB,USW00024207
Pierce,2007,790500,TACOMA MCCHORD AFB,USW00024207
Pierce,2008,805400,TACOMA MCCHORD AFB,USW00024207
Pierce,2009,813600,TACOMA MCCHORD AFB,USW00024207
Pierce,2010,814600,TACOMA MCCHORD AFB,USW00024207
Pierce,2011,802150,TACOMA MCCHORD AFB,USW00024207
Pierce,2012,808200,TACOMA MCCHORD AFB,USW00024207
Pierce,2013,814500,TACOMA MCCHORD AFB,USW00024207
Pierce,2014,821300,TACOMA MCCHORD AFB,USW00024207
Pierce,2015,830120,TACOMA MCCHORD AFB,USW00024207
Pierce,2016,844490,TACOMA MCCHORD AFB,USW00024207
Pierce,2017,859400,TACOMA MCCHORD AFB,USW00024207
Pierce,2018,872220,TACOMA MCCHORD AFB,USW00024207
Pierce,2019,888300,TACOMA MCCHORD AFB,USW00024207
Pierce,2020,900700,TACOMA MCCHORD AFB,USW00024207
Pierce,2021,928200,TACOMA MCCHORD AFB,USW00024207
Pierce,2022,937400,TACOMA MCCHORD AFB,USW00024207
Pierce,2023,946300,TACOMA MCCHORD AFB,USW00024207
Pierce,2024,952600,TACOMA MCCHORD AFB,USW00024207
Pierce,1960,321590,TACOMA NARROWS AP,USW00094274
Pierce,1961,329100,TACOMA NARROWS AP,USW00094274
Pierce,1962,337300,TACOMA NARROWS AP,USW00094274
Pierce,1963,342700,TACOMA NARROWS AP,USW00094274
Pierce,1964,349200,TACOMA NARROWS AP,USW00094274
Pierce,1965,358600,TACOMA NARROWS AP,USW00094274
Pierce,1966,368400,TACOMA NARROWS AP,USW00094274
Pierce,1967,383300,TACOMA NARROWS AP,USW00094274
Pierce,1968,398100,TACOMA NARROWS AP,USW00094274
Pierce,1969,412000,TACOMA NARROWS AP,USW00094274
Pierce,1970,412344,TACOMA NARROWS AP,USW00094274
Pierce,1971,410800,TACOMA NARROWS AP,USW00094274
Pierce,1972,404800,TACOMA NARROWS AP,USW00094274
Pierce,1973,404300,TACOMA NARROWS AP,USW00094274
Pierce,1974,411000,TACOMA NARROWS AP,USW00094274
Pierce,1975,413500,TACOMA NARROWS AP,USW00094274
Pierce,1976,420700,TACOMA NARROWS AP,USW00094274
Pierce,1977,422400,TACOMA NARROWS AP,USW00094274
Pierce,1978,442600,TACOMA NARROWS AP,USW00094274
Pierce,1979,453900,TACOMA NARROWS AP,USW00094274
Pierce,1980,466400,TACOMA NARROWS AP,USW00094274
Pierce,1981,501300,TACOMA NARROWS AP,USW00094274
Pierce,1982,504500,TACOMA NARROWS AP,USW00094274
Pierce,1983,507000,TACOMA NARROWS AP,USW00094274
Pierce,1984,514600,TACOMA NARROWS AP,USW00094274
Pierce,1985,524900,TACOMA NARROWS AP,USW00094274
Pierce,1986,530800,TACOMA NARROWS AP,USW00094274
Pierce,1987,538000,TACOMA NARROWS AP,USW00094274
Pierce,1988,547700,TACOMA NARROWS AP,USW00094274
Pierce,1989,560900,TACOMA NARROWS AP,USW00094274
Pierce,1990,574500,TACOMA NARROWS AP,USW00094274
Pierce,1991,603800,TACOMA NARROWS AP,USW00094274
Pierce,1992,624000,TACOMA NARROWS AP,USW00094274
Pierce,1993,640700,TACOMA NARROWS AP,USW00094274
Pierce,1994,648900,TACOMA NARROWS AP,USW00094274
Pierce,1995,660200,TACOMA NARROWS AP,USW00094274
Pierce,1996,665200,TACOMA NARROWS AP,USW00094274
Pierce,1997,674300,TACOMA NARROWS AP,USW00094274
Pierce,1998,686800,TACOMA NARROWS AP,USW00094274
Pierce,1999,700000,TACOMA NARROWS AP,USW00094274
Pierce,2000,706000,TACOMA NARROWS AP,USW00094274
Pierce,2001,713398,TACOMA NARROWS AP,USW00094274
Pierce,2002,724998,TACOMA NARROWS AP,USW00094274
Pierce,2003,733700,TACOMA NARROWS AP,USW00094274
Pierce,2004,744000,TACOMA NARROWS AP,USW00094274
Pierce,2005,755900,TACOMA NARROWS AP,USW00094274
Pierce,2006,773500,TACOMA NARROWS AP,USW00094274
Pierce,2007,790500,TACOMA NARROWS AP,USW00094274
Pierce,2008,805400,TACOMA NARROWS AP,USW00094274
Pierce,2009,813600,TACOMA NARROWS AP,USW00094274
Pierce,2010,814600,TACOMA NARROWS AP,USW00094274
Pierce,2011,802150,TACOMA NARROWS AP,USW00094274
Pierce,2012,808200,TACOMA NARROWS AP,USW00094274
Pierce,2013,814500,TACOMA NARROWS AP,USW00094274
Pierce,2014,821300,TACOMA NARROWS AP,USW00094274
Pierce,2015,830120,TACOMA NARROWS AP,USW00094274
Pierce,2016,844490,TACOMA NARROWS AP,USW00094274
Pierce,2017,859400,TACOMA NARROWS AP,USW00094274
Pierce,2018,872220,TACOMA NARROWS AP,USW00094274
Pierce,2019,888300,TACOMA NARROWS AP,USW00094274
Pierce,2020,900700,TACOMA NARROWS AP,USW00094274
Pierce,2021,928200,TACOMA NARROWS AP,USW00094274
Pierce,2022,937400,TACOMA NARROWS AP,USW00094274
Pierce,2023,946300,TACOMA NARROWS AP,USW00094274
Pierce,2024,952600,TACOMA NARROWS AP,USW00094274
Snohomish,1960,172199,EVERETT SNOHOMISH CO AP,USW00024222
Snohomish,1961,179900,EVERETT SNOHOMISH CO AP,USW00024222
Snohomish,1962,188400,EVERETT SNOHOMISH CO AP,USW00024222
Snohomish,1963,195300,EVERETT SNOHOMISH CO AP,USW00024222
Snohomish,1964,203000,EVERETT SNOHOMISH CO AP,USW00024222
Snohomish,1965,212700,EVERETT SNOHOMISH CO AP,USW00024222
Snohomish,1966,222500,EVERETT SNOHOMISH CO AP,USW00024222
Snohomish,1967,235700,EVERETT SNOHOMISH CO AP,USW00024222
Snohomish,1968,249000,EVERETT SNOHOMISH CO AP,USW00024222
Snohomish,1969,267000,EVERETT SNOHOMISH CO AP,USW00024222
Snohomish,1970,265236,EVERETT SNOHOMISH CO AP,USW00024222
Snohomish,1971,265600,EVERETT SNOHOMISH CO AP,USW00024222
Snohomish,1972,265900,EVERETT SNOHOMISH CO AP,USW00024222
Snohomish,1973,265600,EVERETT SNOHOMISH CO AP,USW00024222
Snohomish,1974,267100,EVERETT SNOHOMISH CO AP,USW00024222
Snohomish,1975,268000,EVERETT SNOHOMISH CO AP,USW00024222
Snohomish,1976,270100,EVERETT SNOHOMISH CO AP,USW00024222
Snohomish,1977,278200,EVERETT SNOHOMISH CO AP,USW00024222
Snohomish,1978,292300,EVERETT SNOHOMISH CO AP,USW00024222
Snohomish,1979,304700,EVERETT SNOHOMISH CO AP,USW00024222
Snohomish,1980,321800,EVERETT SNOHOMISH CO AP,USW00024222
Snohomish,1981,353400,EVERETT SNOHOMISH CO AP,USW00024222
Snohomish,1982,356400,EVERETT SNOHOMISH CO AP,USW00024222
Snohomish,1983,360900,EVERETT SNOHOMISH CO AP,USW00024222
Snohomish,1984,366700,EVERETT SNOHOMISH CO AP,USW00024222
Snohomish,1985,373000,EVERETT SNOHOMISH CO AP,USW00024222
Snohomish,1986,381600,EVERETT SNOHOMISH CO AP,USW00024222
Snohomish,1987,393600,EVERETT SNOHOMISH CO AP,USW00024222
Snohomish,1988,409500,EVERETT SNOHOMISH CO AP,USW00024222
Snohomish,1989,430400,EVERETT SNOHOMISH CO AP,USW00024222
Snohomish,1990,450200,EVERETT SNOHOMISH CO AP,USW00024222
Snohomish,1991,483986,EVERETT SNOHOMISH CO AP,USW00024222
Snohomish,1992,494286,EVERETT SNOHOMISH CO AP,USW00024222
Snohomish,1993,507900,EVERETT SNOHOMISH CO AP,USW00024222
Snohomish,1994,516500,EVERETT SNOHOMISH CO AP,USW00024222
Snohomish,1995,525600,EVERETT SNOHOMISH CO AP,USW00024222
Snohomish,1996,538100,EVERETT SNOHOMISH CO AP,USW00024222
Snohomish,1997,551200,EVERETT SNOHOMISH CO AP,USW00024222
Snohomish,1998,568100,EVERETT SNOHOMISH CO AP,USW00024222
Snohomish,1999,583300,EVERETT SNOHOMISH CO AP,USW00024222
Snohomish,2000,593500,EVERETT SNOHOMISH CO AP,USW00024222
Snohomish,2001,618600,EVERETT SNOHOMISH CO AP,USW00024222
Snohomish,2002,628000,EVERETT SNOHOMISH CO AP,USW00024222
Snohomish,2003,637500,EVERETT SNOHOMISH CO AP,USW00024222
Snohomish,2004,644800,EVERETT SNOHOMISH CO AP,USW00024222
Snohomish,2005,655800,EVERETT SNOHOMISH CO AP,USW00024222
Snohomish,2006,671800,EVERETT SNOHOMISH CO AP,USW00024222
Snohomish,2007,686300,EVERETT SNOHOMISH CO AP,USW00024222
Snohomish,2008,696600,EVERETT SNOHOMISH CO AP,USW00024222
Snohomish,2009,704300,EVERETT SNOHOMISH CO AP,USW00024222
Snohomish,2010,711100,EVERETT SNOHOMISH CO AP,USW00024222
Snohomish,2011,717000,EVERETT SNOHOMISH CO AP,USW00024222
Snohomish,2012,722900,EVERETT SNOHOMISH CO AP,USW00024222
Snohomish,2013,730500,EVERETT SNOHOMISH CO AP,USW00024222
Snohomish,2014,741000,EVERETT SNOHOMISH CO AP,USW00024222
Snohomish,2015,757600,EVERETT SNOHOMISH CO AP,USW00024222
Snohomish,2016,772860,EVERETT SNOHOMISH CO AP,USW00024222
Snohomish,2017,789400,EVERETT SNOHOMISH CO AP,USW00024222
Snohomish,2018,805120,EVERETT SNOHOMISH CO AP,USW00024222
Snohomish,2019,818700,EVERETT SNOHOMISH CO AP,USW00024222
Snohomish,2020,830500,EVERETT SNOHOMISH CO AP,USW00024222
Snohomish,2021,837800,EVERETT SNOHOMISH CO AP,USW00024222
Snohomish,2022,847300,EVERETT SNOHOMISH CO AP,USW00024222
Snohomish,2023,859800,EVERETT SNOHOMISH CO AP,USW00024222
Snohomish,2024,867100,EVERETT SNOHOMISH CO AP,USW00024222
Spokane,1960,278333,SPOKANE INTL AP,USW00024157
Spokane,1961,278700,SPOKANE INTL AP,USW00024157
Spokane,1962,279800,SPOKANE INTL AP,USW00024157
Spokane,1963,278500,SPOKANE INTL AP,USW00024157
Spokane,1964,277900,SPOKANE INTL AP,USW00024157
Spokane,1965,277200,SPOKANE INTL AP,USW00024157
Spokane,1966,276600,SPOKANE INTL AP,USW00024157
Spokane,1967,274200,SPOKANE INTL AP,USW00024157
Spokane,1968,276300,SPOKANE INTL AP,USW00024157
Spokane,1969,280000,SPOKANE INTL AP,USW00024157
Spokane,1970,287487,SPOKANE INTL AP,USW00024157
Spokane,1971,290800,SPOKANE INTL AP,USW00024157
Spokane,1972,293100,SPOKANE INTL AP,USW00024157
Spokane,1973,295000,SPOKANE INTL AP,USW00024157
Spokane,1974,296500,SPOKANE INTL AP,USW00024157
Spokane,1975,298000,SPOKANE INTL AP,USW00024157
Spokane,1976,300600,SPOKANE INTL AP,USW00024157
Spokane,1977,308200,SPOKANE INTL AP,USW00024157
Spokane,1978,320300,SPOKANE INTL AP,USW00024157
Spokane,1979,328100,SPOKANE INTL AP,USW00024157
Spokane,1980,336600,SPOKANE INTL AP,USW00024157
Spokane,1981,347600,SPOKANE INTL AP,USW00024157
Spokane,1982,348100,SPOKANE INTL AP,USW00024157
Spokane,1983,348000,SPOKANE INTL AP,USW00024157
Spokane,1984,349400,SPOKANE INTL AP,USW00024157
Spokane,1985,354300,SPOKANE INTL AP,USW00024157
Spokane,1986,355900,SPOKANE INTL AP,USW00024157
Spokane,1987,355900,SPOKANE INTL AP,USW00024157
Spokane,1988,354100,SPOKANE INTL AP,USW00024157
Spokane,1989,358000,SPOKANE INTL AP,USW00024157
Spokane,1990,367200,SPOKANE INTL AP,USW00024157
Spokane,1991,365969,SPOKANE INTL AP,USW00024157
Spokane,1992,374569,SPOKANE INTL AP,USW00024157
Spokane,1993,383600,SPOKANE INTL AP,USW00024157
Spokane,1994,392000,SPOKANE INTL AP,USW00024157
Spokane,1995,401200,SPOKANE INTL AP,USW00024157
Spokane,1996,406500,SPOKANE INTL AP,USW00024157
Spokane,1997,409900,SPOKANE INTL AP,USW00024157
Spokane,1998,410900,SPOKANE INTL AP,USW00024157
Spokane,1999,414500,SPOKANE INTL AP,USW00024157
Spokane,2000,415000,SPOKANE INTL AP,USW00024157
Spokane,2001,422400,SPOKANE INTL AP,USW00024157
Spokane,2002,425600,SPOKANE INTL AP,USW00024157
Spokane,2003,428600,SPOKANE INTL AP,USW00024157
Spokane,2004,432000,SPOKANE INTL AP,USW00024157
Spokane,2005,436300,SPOKANE INTL AP,USW00024157
Spokane,2006,443800,SPOKANE INTL AP,USW00024157
Spokane,2007,451200,SPOKANE INTL AP,USW00024157
Spokane,2008,459000,SPOKANE INTL AP,USW00024157
Spokane,2009,465000,SPOKANE INTL AP,USW00024157
Spokane,2010,470300,SPOKANE INTL AP,USW00024157
Spokane,2011,472650,SPOKANE INTL AP,USW00024157
Spokane,2012,475600,SPOKANE INTL AP,USW00024157
Spokane,2013,480000,SPOKANE INTL AP,USW00024157
Spokane,2014,484500,SPOKANE INTL AP,USW00024157
Spokane,2015,488310,SPOKANE INTL AP,USW00024157
Spokane,2016,492530,SPOKANE INTL AP,USW00024157
Spokane,2017,499800,SPOKANE INTL AP,USW00024157
Spokane,2018,507950,SPOKANE INTL AP,USW00024157
Spokane,2019,515250,SPOKANE INTL AP,USW00024157
Spokane,2020,522600,SPOKANE INTL AP,USW00024157
Spokane,2021,542100,SPOKANE INTL AP,USW00024157
Spokane,2022,550700,SPOKANE INTL AP,USW00024157
Spokane,2023,554600,SPOKANE INTL AP,USW00024157
Spokane,2024,559400,SPOKANE INTL AP,USW00024157
Clark,1960,93809,PORTLAND INTL AP,USW00024229
Clark,1961,96800,PORTLAND INTL AP,USW00024229
Clark,1962,99900,PORTLAND INTL AP,USW00024229
Clark,1963,102200,PORTLAND INTL AP,USW00024229
Clark,1964,105000,PORTLAND INTL AP,USW00024229
Clark,1965,108500,PORTLAND INTL AP,USW00024229
Clark,1966,111900,PORTLAND INTL AP,USW00024229
Clark,1967,117200,PORTLAND INTL AP,USW00024229
Clark,1968,122500,PORTLAND INTL AP,USW00024229
Clark,1969,129000,PORTLAND INTL AP,USW00024229
Clark,1970,128454,PORTLAND INTL AP,USW00024229
Clark,1971,130100,PORTLAND INTL AP,USW00024229
Clark,1972,132800,PORTLAND INTL AP,USW00024229
Clark,1973,135200,PORTLAND INTL AP,USW00024229
Clark,1974,140300,PORTLAND INTL AP,USW00024229
Clark,1975,149000,PORTLAND INTL AP,USW00024229
Clark,1976,154300,PORTLAND INTL AP,USW00024229
Clark,1977,164000,PORTLAND INTL AP,USW00024229
Clark,1978,169900,PORTLAND INTL AP,USW00024229
Clark,1979,178900,PORTLAND INTL AP,USW00024229
Clark,1980,186600,PORTLAND INTL AP,USW00024229
Clark,1981,195800,PORTLAND INTL AP,USW00024229
Clark,1982,198600,PORTLAND INTL AP,USW00024229
Clark,1983,200000,PORTLAND INTL AP,USW00024229
Clark,1984,201700,PORTLAND INTL AP,USW00024229
Clark,1985,203400,PORTLAND INTL AP,USW00024229
Clark,1986,205000,PORTLAND INTL AP,USW00024229
Clark,1987,209900,PORTLAND INTL AP,USW00024229
Clark,1988,214500,PORTLAND INTL AP,USW00024229
Clark,1989,220400,PORTLAND INTL AP,USW00024229
Clark,1990,228700,PORTLAND INTL AP,USW00024229
Clark,1991,250300,PORTLAND INTL AP,USW00024229
Clark,1992,257500,PORTLAND INTL AP,USW00024229
Clark,1993,269500,PORTLAND INTL AP,USW00024229
Clark,1994,280800,PORTLAND INTL AP,USW00024229
Clark,1995,291000,PORTLAND INTL AP,USW00024229
Clark,1996,303500,PORTLAND INTL AP,USW00024229
Clark,1997,316800,PORTLAND INTL AP,USW00024229
Clark,1998,328000,PORTLAND INTL AP,USW00024229
Clark,1999,337000,PORTLAND INTL AP,USW00024229
Clark,2000,345000,PORTLAND INTL AP,USW00024229
Clark,2001,352600,PORTLAND INTL AP,USW00024229
Clark,2002,363400,PORTLAND INTL AP,USW00024229
Clark,2003,372300,PORTLAND INTL AP,USW00024229
Clark,2004,383300,PORTLAND INTL AP,USW00024229
Clark,2005,391500,PORTLAND INTL AP,USW00024229
Clark,2006,403500,PORTLAND INTL AP,USW00024229
Clark,2007,415000,PORTLAND INTL AP,USW00024229
Clark,2008,424200,PORTLAND INTL AP,USW00024229
Clark,2009,431200,PORTLAND INTL AP,USW00024229
Clark,2010,435600,PORTLAND INTL AP,USW00024229
Clark,2011,428000,PORTLAND INTL AP,USW00024229
Clark,2012,431250,PORTLAND INTL AP,USW00024229
Clark,2013,435500,PORTLAND INTL AP,USW00024229
Clark,2014,442800,PORTLAND INTL AP,USW00024229
Clark,2015,451820,PORTLAND INTL AP,USW00024229
Clark,2016,461010,PORTLAND INTL AP,USW00024229
Clark,2017,471000,PORTLAND INTL AP,USW00024229
Clark,2018,479500,PORTLAND INTL AP,USW00024229
Clark,2019,488500,PORTLAND INTL AP,USW00024229
Clark,2020,499200,PORTLAND INTL AP,USW00024229
Clark,2021,513100,PORTLAND INTL AP,USW00024229
Clark,2022,520900,PORTLAND INTL AP,USW00024229
Clark,2023,527400,PORTLAND INTL AP,USW00024229
Clark,2024,536300,PORTLAND INTL AP,USW00024229
Thurston,1960,55049,OLYMPIA AP,USW00024227
Thurston,1961,56800,OLYMPIA AP,USW00024227
Thurston,1962,59000,OLYMPIA AP,USW00024227
Thurston,1963,60300,OLYMPIA AP,USW00024227
Thurston,1964,62000,OLYMPIA AP,USW00024227
Thurston,1965,64400,OLYMPIA AP,USW00024227
Thurston,1966,66600,OLYMPIA AP,USW00024227
Thurston,1967,69700,OLYMPIA AP,USW00024227
Thurston,1968,72900,OLYMPIA AP,USW00024227
Thurston,1969,76500,OLYMPIA AP,USW00024227
Thurston,1970,76894,OLYMPIA AP,USW00024227
Thurston,1971,78700,OLYMPIA AP,USW00024227
Thurston,1972,80500,OLYMPIA AP,USW00024227
Thurston,1973,81300,OLYMPIA AP,USW00024227
Thurston,1974,83900,OLYMPIA AP,USW00024227
Thurston,1975,85900,OLYMPIA AP,USW00024227
Thurston,1976,94300,OLYMPIA AP,USW00024227
Thurston,1977,101000,OLYMPIA AP,USW00024227
Thurston,1978,107000,OLYMPIA AP,USW00024227
Thurston,1979,111100,OLYMPIA AP,USW00024227
Thurston,1980,120700,OLYMPIA AP,USW00024227
Thurston,1981,129100,OLYMPIA AP,USW00024227
Thurston,1982,131300,OLYMPIA AP,USW00024227
Thurston,1983,133500,OLYMPIA AP,USW00024227
Thurston,1984,136200,OLYMPIA AP,USW00024227
Thurston,1985,139500,OLYMPIA AP,USW00024227
Thurston,1986,142200,OLYMPIA AP,USW00024227
Thurston,1987,145500,OLYMPIA AP,USW00024227
Thurston,1988,149300,OLYMPIA AP,USW00024227
Thurston,1989,155100,OLYMPIA AP,USW00024227
Thurston,1990,161800,OLYMPIA AP,USW00024227
Thurston,1991,168000,OLYMPIA AP,USW00024227
Thurston,1992,174300,OLYMPIA AP,USW00024227
Thurston,1993,180500,OLYMPIA AP,USW00024227
Thurston,1994,185900,OLYMPIA AP,USW00024227
Thurston,1995,189200,OLYMPIA AP,USW00024227
Thurston,1996,193100,OLYMPIA AP,USW00024227
Thurston,1997,197600,OLYMPIA AP,USW00024227
Thurston,1998,199700,OLYMPIA AP,USW00024227
Thurston,1999,202700,OLYMPIA AP,USW00024227
Thurston,2000,204300,OLYMPIA AP,USW00024227
Thurston,2001,210200,OLYMPIA AP,USW00024227
Thurston,2002,212300,OLYMPIA AP,USW00024227
Thurston,2003,214800,OLYMPIA AP,USW00024227
Thurston,2004,218500,OLYMPIA AP,USW00024227
Thurston,2005,224100,OLYMPIA AP,USW00024227
Thurston,2006,231100,OLYMPIA AP,USW00024227
Thurston,2007,238000,OLYMPIA AP,USW00024227
Thurston,2008,245300,OLYMPIA AP,USW00024227
Thurston,2009,249800,OLYMPIA AP,USW00024227
Thurston,2010,252400,OLYMPIA AP,USW00024227
Thurston,2011,254100,OLYMPIA AP,USW00024227
Thurston,2012,256800,OLYMPIA AP,USW00024227
Thurston,2013,260100,OLYMPIA AP,USW00024227
Thurston,2014,264000,OLYMPIA AP,USW00024227
Thurston,2015,267410,OLYMPIA AP,USW00024227
Thurston,2016,272690,OLYMPIA AP,USW00024227
Thurston,2017,276900,OLYMPIA AP,USW00024227
Thurston,2018,281700,OLYMPIA AP,USW00024227
Thurston,2019,285800,OLYMPIA AP,USW00024227
Thurston,2020,291000,OLYMPIA AP,USW00024227
Thurston,2021,297800,OLYMPIA AP,USW00024227
Thurston,2022,300500,OLYMPIA AP,USW00024227
Thurston,2023,303400,OLYMPIA AP,USW00024227
Thurston,2024,307000,OLYMPIA AP,USW00024227
Kitsap,1960,84176,BREMERTON,USW00094263
Kitsap,1961,85500,BREMERTON,USW00094263
Kitsap,1962,86700,BREMERTON,USW00094263
Kitsap,1963,87400,BREMERTON,USW00094263
Kitsap,1964,88100,BREMERTON,USW00094263
Kitsap,1965,89800,BREMERTON,USW00094263
Kitsap,1966,91600,BREMERTON,USW00094263
Kitsap,1967,93300,BREMERTON,USW00094263
Kitsap,1968,96200,BREMERTON,USW00094263
Kitsap,1969,103000,BREMERTON,USW00094263
Kitsap,1970,101732,BREMERTON,USW00094263
Kitsap,1971,106200,BREMERTON,USW00094263
Kitsap,1972,101600,BREMERTON,USW00094263
Kitsap,1973,103100,BREMERTON,USW00094263
Kitsap,1974,104300,BREMERTON,USW00094263
Kitsap,1975,116090,BREMERTON,USW00094263
Kitsap,1976,118600,BREMERTON,USW00094263
Kitsap,1977,126300,BREMERTON,USW00094263
Kitsap,1978,129400,BREMERTON,USW00094263
Kitsap,1979,135000,BREMERTON,USW00094263
Kitsap,1980,142800,BREMERTON,USW00094263
Kitsap,1981,156800,BREMERTON,USW00094263
Kitsap,1982,158500,BREMERTON,USW00094263
Kitsap,1983,161600,BREMERTON,USW00094263
Kitsap,1984,162500,BREMERTON,USW00094263
Kitsap,1985,167800,BREMERTON,USW00094263
Kitsap,1986,164500,BREMERTON,USW00094263
Kitsap,1987,168600,BREMERTON,USW00094263
Kitsap,1988,177300,BREMERTON,USW00094263
Kitsap,1989,181500,BREMERTON,USW00094263
Kitsap,1990,188800,BREMERTON,USW00094263
Kitsap,1991,196500,BREMERTON,USW00094263
Kitsap,1992,205600,BREMERTON,USW00094263
Kitsap,1993,210000,BREMERTON,USW00094263
Kitsap,1994,213200,BREMERTON,USW00094263
Kitsap,1995,220600,BREMERTON,USW00094263
Kitsap,1996,224700,BREMERTON,USW00094263
Kitsap,1997,229400,BREMERTON,USW00094263
Kitsap,1998,229000,BREMERTON,USW00094263
Kitsap,1999,229700,BREMERTON,USW00094263
Kitsap,2000,230200,BREMERTON,USW00094263
Kitsap,2001,233400,BREMERTON,USW00094263
Kitsap,2002,234700,BREMERTON,USW00094263
Kitsap,2003,237000,BREMERTON,USW00094263
Kitsap,2004,239500,BREMERTON,USW00094263
Kitsap,2005,240400,BREMERTON,USW00094263
Kitsap,2006,243400,BREMERTON,USW00094263
Kitsap,2007,244800,BREMERTON,USW00094263
Kitsap,2008,246800,BREMERTON,USW00094263
Kitsap,2009,247600,BREMERTON,USW00094263
Kitsap,2010,248300,BREMERTON,USW00094263
Kitsap,2011,253900,BREMERTON,USW00094263
Kitsap,2012,254500,BREMERTON,USW00094263
Kitsap,2013,254000,BREMERTON,USW00094263
Kitsap,2014,255900,BREMERTON,USW00094263
Kitsap,2015,258200,BREMERTON,USW00094263
Kitsap,2016,262590,BREMERTON,USW00094263
Kitsap,2017,264300,BREMERTON,USW00094263
Kitsap,2018,267120,BREMERTON,USW00094263
Kitsap,2019,270100,BREMERTON,USW00094263
Kitsap,2020,272200,BREMERTON,USW00094263
Kitsap,2021,277700,BREMERTON,USW00094263
Kitsap,2022,280900,BREMERTON,USW00094263
Kitsap,2023,283200,BREMERTON,USW00094263
Kitsap,2024,286100,BREMERTON,USW00094263
Yakima,1960,145112,YAKIMA AP,USW00024243
Yakima,1961,145100,YAKIMA AP,USW00024243
Yakima,1962,145000,YAKIMA AP,USW00024243
Yakima,1963,143800,YAKIMA AP,USW00024243
Yakima,1964,143200,YAKIMA AP,USW00024243
Yakima,1965,143400,YAKIMA AP,USW00024243
Yakima,1966,143400,YAKIMA AP,USW00024243
Yakima,1967,144600,YAKIMA AP,USW00024243
Yakima,1968,145500,YAKIMA AP,USW00024243
Yakima,1969,143700,YAKIMA AP,USW00024243
Yakima,1970,145212,YAKIMA AP,USW00024243
Yakima,1971,145200,YAKIMA AP,USW00024243
Yakima,1972,145200,YAKIMA AP,USW00024243
Yakima,1973,145200,YAKIMA AP,USW00024243
Yakima,1974,145200,YAKIMA AP,USW00024243
Yakima,1975,147600,YAKIMA AP,USW00024243
Yakima,1976,153300,YAKIMA AP,USW00024243
Yakima,1977,155700,YAKIMA AP,USW00024243
Yakima,1978,156700,YAKIMA AP,USW00024243
Yakima,1979,161500,YAKIMA AP,USW00024243
Yakima,1980,164800,YAKIMA AP,USW00024243
Yakima,1981,175000,YAKIMA AP,USW00024243
Yakima,1982,175200,YAKIMA AP,USW00024243
Yakima,1983,177000,YAKIMA AP,USW00024243
Yakima,1984,180000,YAKIMA AP,USW00024243
Yakima,1985,182500,YAKIMA AP,USW00024243
Yakima,1986,183600,YAKIMA AP,USW00024243
Yakima,1987,184400,YAKIMA AP,USW00024243
Yakima,1988,186300,YAKIMA AP,USW00024243
Yakima,1989,187800,YAKIMA AP,USW00024243
Yakima,1990,191600,YAKIMA AP,USW00024243
Yakima,1991,190500,YAKIMA AP,USW00024243
Yakima,1992,193900,YAKIMA AP,USW00024243
Yakima,1993,197000,YAKIMA AP,USW00024243
Yakima,1994,202100,YAKIMA AP,USW00024243
Yakima,1995,204100,YAKIMA AP,USW00024243
Yakima,1996,207600,YAKIMA AP,USW00024243
Yakima,1997,208700,YAKIMA AP,USW00024243
Yakima,1998,210500,YAKIMA AP,USW00024243
Yakima,1999,212300,YAKIMA AP,USW00024243
Yakima,2000,214000,YAKIMA AP,USW00024243
Yakima,2001,224500,YAKIMA AP,USW00024243
Yakima,2002,225000,YAKIMA AP,USW00024243
Yakima,2003,226000,YAKIMA AP,USW00024243
Yakima,2004,227500,YAKIMA AP,USW00024243
Yakima,2005,229300,YAKIMA AP,USW00024243
Yakima,2006,231800,YAKIMA AP,USW00024243
Yakima,2007,234200,YAKIMA AP,USW00024243
Yakima,2008,235900,YAKIMA AP,USW00024243
Yakima,2009,238400,YAKIMA AP,USW00024243
Yakima,2010,239100,YAKIMA AP,USW00024243
Yakima,2011,244700,YAKIMA AP,USW00024243
Yakima,2012,246000,YAKIMA AP,USW00024243
Yakima,2013,247250,YAKIMA AP,USW00024243
Yakima,2014,248800,YAKIMA AP,USW00024243
Yakima,2015,249970,YAKIMA AP,USW00024243
Yakima,2016,250900,YAKIMA AP,USW00024243
Yakima,2017,253000,YAKIMA AP,USW00024243
Yakima,2018,254500,YAKIMA AP,USW00024243
Yakima,2019,255950,YAKIMA AP,USW00024243
Yakima,2020,258200,YAKIMA AP,USW00024243
Yakima,2021,258100,YAKIMA AP,USW00024243
Yakima,2022,259950,YAKIMA AP,USW00024243
Yakima,2023,261200,YAKIMA AP,USW00024243
Yakima,2024,263200,YAKIMA AP,USW00024243
Whatcom,1960,70317,BELLINGHAM INTL AP,USW00024217
Whatcom,1961,71300,BELLINGHAM INTL AP,USW00024217
Whatcom,1962,72500,BELLINGHAM INTL AP,USW00024217
Whatcom,1963,72800,BELLINGHAM INTL AP,USW00024217
Whatcom,1964,73700,BELLINGHAM INTL AP,USW00024217
Whatcom,1965,75100,BELLINGHAM INTL AP,USW00024217
Whatcom,1966,76600,BELLINGHAM INTL AP,USW00024217
Whatcom,1967,79100,BELLINGHAM INTL AP,USW00024217
Whatcom,1968,81200,BELLINGHAM INTL AP,USW00024217
Whatcom,1969,82000,BELLINGHAM INTL AP,USW00024217
Whatcom,1970,81983,BELLINGHAM INTL AP,USW00024217
Whatcom,1971,83800,BELLINGHAM INTL AP,USW00024217
Whatcom,1972,85000,BELLINGHAM INTL AP,USW00024217
Whatcom,1973,85000,BELLINGHAM INTL AP,USW00024217
Whatcom,1974,85200,BELLINGHAM INTL AP,USW00024217
Whatcom,1975,86200,BELLINGHAM INTL AP,USW00024217
Whatcom,1976,90000,BELLINGHAM INTL AP,USW00024217
Whatcom,1977,93600,BELLINGHAM INTL AP,USW00024217
Whatcom,1978,96600,BELLINGHAM INTL AP,USW00024217
Whatcom,1979,99800,BELLINGHAM INTL AP,USW00024217
Whatcom,1980,102700,BELLINGHAM INTL AP,USW00024217
Whatcom,1981,109900,BELLINGHAM INTL AP,USW00024217
Whatcom,1982,111100,BELLINGHAM INTL AP,USW00024217
Whatcom,1983,112100,BELLINGHAM INTL AP,USW00024217
Whatcom,1984,113700,BELLINGHAM INTL AP,USW00024217
Whatcom,1985,116000,BELLINGHAM INTL AP,USW00024217
Whatcom,1986,116700,BELLINGHAM INTL AP,USW00024217
Whatcom,1987,117200,BELLINGHAM INTL AP,USW00024217
Whatcom,1988,119100,BELLINGHAM INTL AP,USW00024217
Whatcom,1989,122200,BELLINGHAM INTL AP,USW00024217
Whatcom,1990,126400,BELLINGHAM INTL AP,USW00024217
Whatcom,1991,132200,BELLINGHAM INTL AP,USW00024217
Whatcom,1992,137100,BELLINGHAM INTL AP,USW00024217
Whatcom,1993,140900,BELLINGHAM INTL AP,USW00024217
Whatcom,1994,145000,BELLINGHAM INTL AP,USW00024217
Whatcom,1995,148300,BELLINGHAM INTL AP,USW00024217
Whatcom,1996,152800,BELLINGHAM INTL AP,USW00024217
Whatcom,1997,156200,BELLINGHAM INTL AP,USW00024217
Whatcom,1998,157500,BELLINGHAM INTL AP,USW00024217
Whatcom,1999,161300,BELLINGHAM INTL AP,USW00024217
Whatcom,2000,163500,BELLINGHAM INTL AP,USW00024217
Whatcom,2001,170600,BELLINGHAM INTL AP,USW00024217
Whatcom,2002,172200,BELLINGHAM INTL AP,USW00024217
Whatcom,2003,174500,BELLINGHAM INTL AP,USW00024217
Whatcom,2004,177300,BELLINGHAM INTL AP,USW00024217
Whatcom,2005,180800,BELLINGHAM INTL AP,USW00024217
Whatcom,2006,184300,BELLINGHAM INTL AP,USW00024217
Whatcom,2007,188300,BELLINGHAM INTL AP,USW00024217
Whatcom,2008,191000,BELLINGHAM INTL AP,USW00024217
Whatcom,2009,193100,BELLINGHAM INTL AP,USW00024217
Whatcom,2010,195500,BELLINGHAM INTL AP,USW00024217
Whatcom,2011,202100,BELLINGHAM INTL AP,USW00024217
Whatcom,2012,203500,BELLINGHAM INTL AP,USW00024217
Whatcom,2013,205800,BELLINGHAM INTL AP,USW00024217
Whatcom,2014,207600,BELLINGHAM INTL AP,USW00024217
Whatcom,2015,209790,BELLINGHAM INTL AP,USW00024217
Whatcom,2016,212540,BELLINGHAM INTL AP,USW00024217
Whatcom,2017,216300,BELLINGHAM INTL AP,USW00024217
Whatcom,2018,220350,BELLINGHAM INTL AP,USW00024217
Whatcom,2019,225300,BELLINGHAM INTL AP,USW00024217
Whatcom,2020,228000,BELLINGHAM INTL AP,USW00024217
Whatcom,2021,226300,BELLINGHAM INTL AP,USW00024217
Whatcom,2022,231650,BELLINGHAM INTL AP,USW00024217
Whatcom,2023,235800,BELLINGHAM INTL AP,USW00024217
Whatcom,2024,238000,BELLINGHAM INTL AP,USW00024217
Benton,1960,62070,RICHLAND AP,USI0000KRLD
Benton,1961,62300,RICHLAND AP,USI0000KRLD
Benton,1962,62800,RICHLAND AP,USI0000KRLD
Benton,1963,62400,RICHLAND AP,USI0000KRLD
Benton,1964,62300,RICHLAND AP,USI0000KRLD
Benton,1965,62500,RICHLAND AP,USI0000KRLD
Benton,1966,63100,RICHLAND AP,USI0000KRLD
Benton,1967,64300,RICHLAND AP,USI0000KRLD
Benton,1968,65200,RICHLAND AP,USI0000KRLD
Benton,1969,66000,RICHLAND AP,USI0000KRLD
Benton,1970,67540,RICHLAND AP,USI0000KRLD
Benton,1971,67700,RICHLAND AP,USI0000KRLD
Benton,1972,67800,RICHLAND AP,USI0000KRLD
Benton,1973,68200,RICHLAND AP,USI0000KRLD
Benton,1974,69800,RICHLAND AP,USI0000KRLD
Benton,1975,73300,RICHLAND AP,USI0000KRLD
Benton,1976,78700,RICHLAND AP,USI0000KRLD
Benton,1977,85400,RICHLAND AP,USI0000KRLD
Benton,1978,90600,RICHLAND AP,USI0000KRLD
Benton,1979,97400,RICHLAND AP,USI0000KRLD
Benton,1980,105800,RICHLAND AP,USI0000KRLD
Benton,1981,113400,RICHLAND AP,USI0000KRLD
Benton,1982,111700,RICHLAND AP,USI0000KRLD
Benton,1983,108700,RICHLAND AP,USI0000KRLD
Benton,1984,107700,RICHLAND AP,USI0000KRLD
Benton,1985,105200,RICHLAND AP,USI0000KRLD
Benton,1986,104000,RICHLAND AP,USI0000KRLD
Benton,1987,104100,RICHLAND AP,USI0000KRLD
Benton,1988,104100,RICHLAND AP,USI0000KRLD
Benton,1989,104100,RICHLAND AP,USI0000KRLD
Benton,1990,110000,RICHLAND AP,USI0000KRLD
Benton,1991,114800,RICHLAND AP,USI0000KRLD
Benton,1992,118500,RICHLAND AP,USI0000KRLD
Benton,1993,122800,RICHLAND AP,USI0000KRLD
Benton,1994,127000,RICHLAND AP,USI0000KRLD
Benton,1995,131000,RICHLAND AP,USI0000KRLD
Benton,1996,131000,RICHLAND AP,USI0000KRLD
Benton,1997,134100,RICHLAND AP,USI0000KRLD
Benton,1998,137500,RICHLAND AP,USI0000KRLD
Benton,1999,138900,RICHLAND AP,USI0000KRLD
Benton,2000,140700,RICHLAND AP,USI0000KRLD
Benton,2001,144800,RICHLAND AP,USI0000KRLD
Benton,2002,147600,RICHLAND AP,USI0000KRLD
Benton,2003,151600,RICHLAND AP,USI0000KRLD
Benton,2004,155100,RICHLAND AP,USI0000KRLD
Benton,2005,158100,RICHLAND AP,USI0000KRLD
Benton,2006,160600,RICHLAND AP,USI0000KRLD
Benton,2007,162900,RICHLAND AP,USI0000KRLD
Benton,2008,165500,RICHLAND AP,USI0000KRLD
Benton,2009,169300,RICHLAND AP,USI0000KRLD
Benton,2010,172900,RICHLAND AP,USI0000KRLD
Benton,2011,177900,RICHLAND AP,USI0000KRLD
Benton,2012,180000,RICHLAND AP,USI0000KRLD
Benton,2013,183400,RICHLAND AP,USI0000KRLD
Benton,2014,186500,RICHLAND AP,USI0000KRLD
Benton,2015,188590,RICHLAND AP,USI0000KRLD
Benton,2016,190500,RICHLAND AP,USI0000KRLD
Benton,2017,193500,RICHLAND AP,USI0000KRLD
Benton,2018,197420,RICHLAND AP,USI0000KRLD
Benton,2019,201800,RICHLAND AP,USI0000KRLD
Benton,2020,205700,RICHLAND AP,USI0000KRLD
Benton,2021,209400,RICHLAND AP,USI0000KRLD
Benton,2022,212300,RICHLAND AP,USI0000KRLD
Benton,2023,215500,RICHLAND AP,USI0000KRLD
Benton,2024,217850,RICHLAND AP,USI0000KRLD
Skagit,1960,51350,BURLINGTON SKAGIT AP,USW00094282
Skagit,1961,51300,BURLINGTON SKAGIT AP,USW00094282
Skagit,1962,51600,BURLINGTON SKAGIT AP,USW00094282
Skagit,1963,51100,BURLINGTON SKAGIT AP,USW00094282
Skagit,1964,50800,BURLINGTON SKAGIT AP,USW00094282
Skagit,1965,50900,BURLINGTON SKAGIT AP,USW00094282
Skagit,1966,51200,BURLINGTON SKAGIT AP,USW00094282
Skagit,1967,52000,BURLINGTON SKAGIT AP,USW00094282
Skagit,1968,52600,BURLINGTON SKAGIT AP,USW00094282
Skagit,1969,52000,BURLINGTON SKAGIT AP,USW00094282
Skagit,1970,52381,BURLINGTON SKAGIT AP,USW00094282
Skagit,1971,52700,BURLINGTON SKAGIT AP,USW00094282
Skagit,1972,52900,BURLINGTON SKAGIT AP,USW00094282
Skagit,1973,53000,BURLINGTON SKAGIT AP,USW00094282
Skagit,1974,53000,BURLINGTON SKAGIT AP,USW00094282
Skagit,1975,53400,BURLINGTON SKAGIT AP,USW00094282
Skagit,1976,54100,BURLINGTON SKAGIT AP,USW00094282
Skagit,1977,56000,BURLINGTON SKAGIT AP,USW00094282
Skagit,1978,57600,BURLINGTON SKAGIT AP,USW00094282
Skagit,1979,59900,BURLINGTON SKAGIT AP,USW00094282
Skagit,1980,64000,BURLINGTON SKAGIT AP,USW00094282
Skagit,1981,64900,BURLINGTON SKAGIT AP,USW00094282
Skagit,1982,65600,BURLINGTON SKAGIT AP,USW00094282
Skagit,1983,66100,BURLINGTON SKAGIT AP,USW00094282
Skagit,1984,66800,BURLINGTON SKAGIT AP,USW00094282
Skagit,1985,68200,BURLINGTON SKAGIT AP,USW00094282
Skagit,1986,69000,BURLINGTON SKAGIT AP,USW00094282
Skagit,1987,69500,BURLINGTON SKAGIT AP,USW00094282
Skagit,1988,70800,BURLINGTON SKAGIT AP,USW00094282
Skagit,1989,72400,BURLINGTON SKAGIT AP,USW00094282
Skagit,1990,76100,BURLINGTON SKAGIT AP,USW00094282
Skagit,1991,82790,BURLINGTON SKAGIT AP,USW00094282
Skagit,1992,85490,BURLINGTON SKAGIT AP,USW00094282
Skagit,1993,88500,BURLINGTON SKAGIT AP,USW00094282
Skagit,1994,91000,BURLINGTON SKAGIT AP,USW00094282
Skagit,1995,93100,BURLINGTON SKAGIT AP,USW00094282
Skagit,1996,95500,BURLINGTON SKAGIT AP,USW00094282
Skagit,1997,96900,BURLINGTON SKAGIT AP,USW00094282
Skagit,1998,98700,BURLINGTON SKAGIT AP,USW00094282
Skagit,1999,100600,BURLINGTON SKAGIT AP,USW00094282
Skagit,2000,102300,BURLINGTON SKAGIT AP,USW00094282
Skagit,2001,104100,BURLINGTON SKAGIT AP,USW00094282
Skagit,2002,105100,BURLINGTON SKAGIT AP,USW00094282
Skagit,2003,106700,BURLINGTON SKAGIT AP,USW00094282
Skagit,2004,108800,BURLINGTON SKAGIT AP,USW00094282
Skagit,2005,110900,BURLINGTON SKAGIT AP,USW00094282
Skagit,2006,113100,BURLINGTON SKAGIT AP,USW00094282
Skagit,2007,115300,BURLINGTON SKAGIT AP,USW00094282
Skagit,2008,117500,BURLINGTON SKAGIT AP,USW00094282
Skagit,2009,118900,BURLINGTON SKAGIT AP,USW00094282
Skagit,2010,119300,BURLINGTON SKAGIT AP,USW00094282
Skagit,2011,117400,BURLINGTON SKAGIT AP,USW00094282
Skagit,2012,117950,BURLINGTON SKAGIT AP,USW00094282
Skagit,2013,118600,BURLINGTON SKAGIT AP,USW00094282
Skagit,2014,119500,BURLINGTON SKAGIT AP,USW00094282
Skagit,2015,120620,BURLINGTON SKAGIT AP,USW00094282
Skagit,2016,122270,BURLINGTON SKAGIT AP,USW00094282
Skagit,2017,124100,BURLINGTON SKAGIT AP,USW00094282
Skagit,2018,126520,BURLINGTON SKAGIT AP,USW00094282
Skagit,2019,129200,BURLINGTON SKAGIT AP,USW00094282
Skagit,2020,130450,BURLINGTON SKAGIT AP,USW00094282
Skagit,2021,130000,BURLINGTON SKAGIT AP,USW00094282
Skagit,2022,131250,BURLINGTON SKAGIT AP,USW00094282
Skagit,2023,132000,BURLINGTON SKAGIT AP,USW00094282
Skagit,2024,133300,BURLINGTON SKAGIT AP,USW00094282
Cowlitz,1960,57801,KELSO SOUTHWEST RGNL AP,USW00024223
Cowlitz,1961,58800,KELSO SOUTHWEST RGNL AP,USW00024223
Cowlitz,1962,59800,KELSO SOUTHWEST RGNL AP,USW00024223
Cowlitz,1963,60600,KELSO SOUTHWEST RGNL AP,USW00024223
Cowlitz,1964,61400,KELSO SOUTHWEST RGNL AP,USW00024223
Cowlitz,1965,62500,KELSO SOUTHWEST RGNL AP,USW00024223
Cowlitz,1966,63800,KELSO SOUTHWEST RGNL AP,USW00024223
Cowlitz,1967,65900,KELSO SOUTHWEST RGNL AP,USW00024223
Cowlitz,1968,68200,KELSO SOUTHWEST RGNL AP,USW00024223
Cowlitz,1969,69000,KELSO SOUTHWEST RGNL AP,USW00024223
Cowlitz,1970,68616,KELSO SOUTHWEST RGNL AP,USW00024223
Cowlitz,1971,69600,KELSO SOUTHWEST RGNL AP,USW00024223
Cowlitz,1972,69800,KELSO SOUTHWEST RGNL AP,USW00024223
Cowlitz,1973,69900,KELSO SOUTHWEST RGNL AP,USW00024223
Cowlitz,1974,70600,KELSO SOUTHWEST RGNL AP,USW00024223
Cowlitz,1975,70700,KELSO SOUTHWEST RGNL AP,USW00024223
Cowlitz,1976,71600,KELSO SOUTHWEST RGNL AP,USW00024223
Cowlitz,1977,73200,KELSO SOUTHWEST RGNL AP,USW00024223
Cowlitz,1978,74800,KELSO SOUTHWEST RGNL AP,USW00024223
Cowlitz,1979,77300,KELSO SOUTHWEST RGNL AP,USW00024223
Cowlitz,1980,78100,KELSO SOUTHWEST RGNL AP,USW00024223
Cowlitz,1981,80500,KELSO SOUTHWEST RGNL AP,USW00024223
Cowlitz,1982,79500,KELSO SOUTHWEST RGNL AP,USW00024223
Cowlitz,1983,79300,KELSO SOUTHWEST RGNL AP,USW00024223
Cowlitz,1984,79900,KELSO SOUTHWEST RGNL AP,USW00024223
Cowlitz,1985,79600,KELSO SOUTHWEST RGNL AP,USW00024223
Cowlitz,1986,78900,KELSO SOUTHWEST RGNL AP,USW00024223
Cowlitz,1987,79200,KELSO SOUTHWEST RGNL AP,USW00024223
Cowlitz,1988,80500,KELSO SOUTHWEST RGNL AP,USW00024223
Cowlitz,1989,82100,KELSO SOUTHWEST RGNL AP,USW00024223
Cowlitz,1990,83500,KELSO SOUTHWEST RGNL AP,USW00024223
Cowlitz,1991,83500,KELSO SOUTHWEST RGNL AP,USW00024223
Cowlitz,1992,84500,KELSO SOUTHWEST RGNL AP,USW00024223
Cowlitz,1993,86100,KELSO SOUTHWEST RGNL AP,USW00024223
Cowlitz,1994,87800,KELSO SOUTHWEST RGNL AP,USW00024223
Cowlitz,1995,89400,KELSO SOUTHWEST RGNL AP,USW00024223
Cowlitz,1996,90800,KELSO SOUTHWEST RGNL AP,USW00024223
Cowlitz,1997,92000,KELSO SOUTHWEST RGNL AP,USW00024223
Cowlitz,1998,93100,KELSO SOUTHWEST RGNL AP,USW00024223
Cowlitz,1999,94100,KELSO SOUTHWEST RGNL AP,USW00024223
Cowlitz,2000,94900,KELSO SOUTHWEST RGNL AP,USW00024223
Cowlitz,2001,93900,KELSO SOUTHWEST RGNL AP,USW00024223
Cowlitz,2002,94400,KELSO SOUTHWEST RGNL AP,USW00024223
Cowlitz,2003,94900,KELSO SOUTHWEST RGNL AP,USW00024223
Cowlitz,2004,95300,KELSO SOUTHWEST RGNL AP,USW00024223
Cowlitz,2005,95900,KELSO SOUTHWEST RGNL AP,USW00024223
Cowlitz,2006,96800,KELSO SOUTHWEST RGNL AP,USW00024223
Cowlitz,2007,97800,KELSO SOUTHWEST RGNL AP,USW00024223
Cowlitz,2008,99000,KELSO SOUTHWEST RGNL AP,USW00024223
Cowlitz,2009,99600,KELSO SOUTHWEST RGNL AP,USW00024223
Cowlitz,2010,100000,KELSO SOUTHWEST RGNL AP,USW00024223
Cowlitz,2011,102700,KELSO SOUTHWEST RGNL AP,USW00024223
Cowlitz,2012,103050,KELSO SOUTHWEST RGNL AP,USW00024223
Cowlitz,2013,103300,KELSO SOUTHWEST RGNL AP,USW00024223
Cowlitz,2014,103700,KELSO SOUTHWEST RGNL AP,USW00024223
Cowlitz,2015,104280,KELSO SOUTHWEST RGNL AP,USW00024223
Cowlitz,2016,104850,KELSO SOUTHWEST RGNL AP,USW00024223
Cowlitz,2017,105900,KELSO SOUTHWEST RGNL AP,USW00024223
Cowlitz,2018,107310,KELSO SOUTHWEST RGNL AP,USW00024223
Cowlitz,2019,108950,KELSO SOUTHWEST RGNL AP,USW00024223
Cowlitz,2020,110500,KELSO SOUTHWEST RGNL AP,USW00024223
Cowlitz,2021,111500,KELSO SOUTHWEST RGNL AP,USW00024223
Cowlitz,2022,112350,KELSO SOUTHWEST RGNL AP,USW00024223
Cowlitz,2023,113000,KELSO SOUTHWEST RGNL AP,USW00024223
Cowlitz,2024,113900,KELSO SOUTHWEST RGNL AP,USW00024223
Franklin,1960,23342,PASCO TRI CITIES AP ,USW00024163
Franklin,1961,23500,PASCO TRI CITIES AP ,USW00024163
Franklin,1962,23900,PASCO TRI CITIES AP ,USW00024163
Franklin,1963,23800,PASCO TRI CITIES AP ,USW00024163
Franklin,1964,24100,PASCO TRI CITIES AP ,USW00024163
Franklin,1965,24200,PASCO TRI CITIES AP ,USW00024163
Franklin,1966,24400,PASCO TRI CITIES AP ,USW00024163
Franklin,1967,25200,PASCO TRI CITIES AP ,USW00024163
Franklin,1968,25600,PASCO TRI CITIES AP ,USW00024163
Franklin,1969,26100,PASCO TRI CITIES AP ,USW00024163
Franklin,1970,25816,PASCO TRI CITIES AP ,USW00024163
Franklin,1971,26000,PASCO TRI CITIES AP ,USW00024163
Franklin,1972,26000,PASCO TRI CITIES AP ,USW00024163
Franklin,1973,26000,PASCO TRI CITIES AP ,USW00024163
Franklin,1974,26200,PASCO TRI CITIES AP ,USW00024163
Franklin,1975,26700,PASCO TRI CITIES AP ,USW00024163
Franklin,1976,27500,PASCO TRI CITIES AP ,USW00024163
Franklin,1977,29200,PASCO TRI CITIES AP ,USW00024163
Franklin,1978,30400,PASCO TRI CITIES AP ,USW00024163
Franklin,1979,31800,PASCO TRI CITIES AP ,USW00024163
Franklin,1980,33100,PASCO TRI CITIES AP ,USW00024163
Franklin,1981,36700,PASCO TRI CITIES AP ,USW00024163
Franklin,1982,36200,PASCO TRI CITIES AP ,USW00024163
Franklin,1983,36000,PASCO TRI CITIES AP ,USW00024163
Franklin,1984,36300,PASCO TRI CITIES AP ,USW00024163
Franklin,1985,35700,PASCO TRI CITIES AP ,USW00024163
Franklin,1986,35300,PASCO TRI CITIES AP ,USW00024163
Franklin,1987,35500,PASCO TRI CITIES AP ,USW00024163
Franklin,1988,35500,PASCO TRI CITIES AP ,USW00024163
Franklin,1989,34200,PASCO TRI CITIES AP ,USW00024163
Franklin,1990,34600,PASCO TRI CITIES AP ,USW00024163
Franklin,1991,38600,PASCO TRI CITIES AP ,USW00024163
Franklin,1992,39200,PASCO TRI CITIES AP ,USW00024163
Franklin,1993,41100,PASCO TRI CITIES AP ,USW00024163
Franklin,1994,42900,PASCO TRI CITIES AP ,USW00024163
Franklin,1995,44000,PASCO TRI CITIES AP ,USW00024163
Franklin,1996,43700,PASCO TRI CITIES AP ,USW00024163
Franklin,1997,43900,PASCO TRI CITIES AP ,USW00024163
Franklin,1998,44400,PASCO TRI CITIES AP ,USW00024163
Franklin,1999,45100,PASCO TRI CITIES AP ,USW00024163
Franklin,2000,45900,PASCO TRI CITIES AP ,USW00024163
Franklin,2001,50400,PASCO TRI CITIES AP ,USW00024163
Franklin,2002,51300,PASCO TRI CITIES AP ,USW00024163
Franklin,2003,53600,PASCO TRI CITIES AP ,USW00024163
Franklin,2004,57000,PASCO TRI CITIES AP ,USW00024163
Franklin,2005,60500,PASCO TRI CITIES AP ,USW00024163
Franklin,2006,64200,PASCO TRI CITIES AP ,USW00024163
Franklin,2007,67400,PASCO TRI CITIES AP ,USW00024163
Franklin,2008,70200,PASCO TRI CITIES AP ,USW00024163
Franklin,2009,72700,PASCO TRI CITIES AP ,USW00024163
Franklin,2010,75500,PASCO TRI CITIES AP ,USW00024163
Franklin,2011,80500,PASCO TRI CITIES AP ,USW00024163
Franklin,2012,82500,PASCO TRI CITIES AP ,USW00024163
Franklin,2013,84800,PASCO TRI CITIES AP ,USW00024163
Franklin,2014,86600,PASCO TRI CITIES AP ,USW00024163
Franklin,2015,87150,PASCO TRI CITIES AP ,USW00024163
Franklin,2016,88670,PASCO TRI CITIES AP ,USW00024163
Franklin,2017,90330,PASCO TRI CITIES AP ,USW00024163
Franklin,2018,92540,PASCO TRI CITIES AP ,USW00024163
Franklin,2019,94680,PASCO TRI CITIES AP ,USW00024163
Franklin,2020,96760,PASCO TRI CITIES AP ,USW00024163
Franklin,2021,98350,PASCO TRI CITIES AP ,USW00024163
Franklin,2022,99750,PASCO TRI CITIES AP ,USW00024163
Franklin,2023,101100,PASCO TRI CITIES AP ,USW00024163
Franklin,2024,102300,PASCO TRI CITIES AP ,USW00024163
Grant,1960,46477,MOSES LAKE GRANT CO AP,USW00024110
Grant,1961,46100,MOSES LAKE GRANT CO AP,USW00024110
Grant,1962,46700,MOSES LAKE GRANT CO AP,USW00024110
Grant,1963,44600,MOSES LAKE GRANT CO AP,USW00024110
Grant,1964,43900,MOSES LAKE GRANT CO AP,USW00024110
Grant,1965,44500,MOSES LAKE GRANT CO AP,USW00024110
Grant,1966,46100,MOSES LAKE GRANT CO AP,USW00024110
Grant,1967,43300,MOSES LAKE GRANT CO AP,USW00024110
Grant,1968,42900,MOSES LAKE GRANT CO AP,USW00024110
Grant,1969,40000,MOSES LAKE GRANT CO AP,USW00024110
Grant,1970,41881,MOSES LAKE GRANT CO AP,USW00024110
Grant,1971,42800,MOSES LAKE GRANT CO AP,USW00024110
Grant,1972,43300,MOSES LAKE GRANT CO AP,USW00024110
Grant,1973,43300,MOSES LAKE GRANT CO AP,USW00024110
Grant,1974,43000,MOSES LAKE GRANT CO AP,USW00024110
Grant,1975,42700,MOSES LAKE GRANT CO AP,USW00024110
Grant,1976,43900,MOSES LAKE GRANT CO AP,USW00024110
Grant,1977,45500,MOSES LAKE GRANT CO AP,USW00024110
Grant,1978,46100,MOSES LAKE GRANT CO AP,USW00024110
Grant,1979,49300,MOSES LAKE GRANT CO AP,USW00024110
Grant,1980,49700,MOSES LAKE GRANT CO AP,USW00024110
Grant,1981,48600,MOSES LAKE GRANT CO AP,USW00024110
Grant,1982,48600,MOSES LAKE GRANT CO AP,USW00024110
Grant,1983,49100,MOSES LAKE GRANT CO AP,USW00024110
Grant,1984,49500,MOSES LAKE GRANT CO AP,USW00024110
Grant,1985,49900,MOSES LAKE GRANT CO AP,USW00024110
Grant,1986,50500,MOSES LAKE GRANT CO AP,USW00024110
Grant,1987,52100,MOSES LAKE GRANT CO AP,USW00024110
Grant,1988,52600,MOSES LAKE GRANT CO AP,USW00024110
Grant,1989,51900,MOSES LAKE GRANT CO AP,USW00024110
Grant,1990,53100,MOSES LAKE GRANT CO AP,USW00024110
Grant,1991,56440,MOSES LAKE GRANT CO AP,USW00024110
Grant,1992,58240,MOSES LAKE GRANT CO AP,USW00024110
Grant,1993,60300,MOSES LAKE GRANT CO AP,USW00024110
Grant,1994,62200,MOSES LAKE GRANT CO AP,USW00024110
Grant,1995,64500,MOSES LAKE GRANT CO AP,USW00024110
Grant,1996,66400,MOSES LAKE GRANT CO AP,USW00024110
Grant,1997,68300,MOSES LAKE GRANT CO AP,USW00024110
Grant,1998,69400,MOSES LAKE GRANT CO AP,USW00024110
Grant,1999,70600,MOSES LAKE GRANT CO AP,USW00024110
Grant,2000,71500,MOSES LAKE GRANT CO AP,USW00024110
Grant,2001,75900,MOSES LAKE GRANT CO AP,USW00024110
Grant,2002,76400,MOSES LAKE GRANT CO AP,USW00024110
Grant,2003,77100,MOSES LAKE GRANT CO AP,USW00024110
Grant,2004,78300,MOSES LAKE GRANT CO AP,USW00024110
Grant,2005,79100,MOSES LAKE GRANT CO AP,USW00024110
Grant,2006,80600,MOSES LAKE GRANT CO AP,USW00024110
Grant,2007,82500,MOSES LAKE GRANT CO AP,USW00024110
Grant,2008,84600,MOSES LAKE GRANT CO AP,USW00024110
Grant,2009,86100,MOSES LAKE GRANT CO AP,USW00024110
Grant,2010,87700,MOSES LAKE GRANT CO AP,USW00024110
Grant,2011,90100,MOSES LAKE GRANT CO AP,USW00024110
Grant,2012,91000,MOSES LAKE GRANT CO AP,USW00024110
Grant,2013,91800,MOSES LAKE GRANT CO AP,USW00024110
Grant,2014,92900,MOSES LAKE GRANT CO AP,USW00024110
Grant,2015,93930,MOSES LAKE GRANT CO AP,USW00024110
Grant,2016,94610,MOSES LAKE GRANT CO AP,USW00024110
Grant,2017,95630,MOSES LAKE GRANT CO AP,USW00024110
Grant,2018,97350,MOSES LAKE GRANT CO AP,USW00024110
Grant,2019,98740,MOSES LAKE GRANT CO AP,USW00024110
Grant,2020,100130,MOSES LAKE GRANT CO AP,USW00024110
Grant,2021,100800,MOSES LAKE GRANT CO AP,USW00024110
Grant,2022,101800,MOSES LAKE GRANT CO AP,USW00024110
Grant,2023,103300,MOSES LAKE GRANT CO AP,USW00024110
Grant,2024,105300,MOSES LAKE GRANT CO AP,USW00024110
Island,1960,19638,WHIDBEY ISLAND NAS,USW00024255
Island,1961,20300,WHIDBEY ISLAND NAS,USW00024255
Island,1962,20900,WHIDBEY ISLAND NAS,USW00024255
Island,1963,21100,WHIDBEY ISLAND NAS,USW00024255
Island,1964,21700,WHIDBEY ISLAND NAS,USW00024255
Island,1965,22400,WHIDBEY ISLAND NAS,USW00024255
Island,1966,23100,WHIDBEY ISLAND NAS,USW00024255
Island,1967,24200,WHIDBEY ISLAND NAS,USW00024255
Island,1968,25000,WHIDBEY ISLAND NAS,USW00024255
Island,1969,25700,WHIDBEY ISLAND NAS,USW00024255
Island,1970,27011,WHIDBEY ISLAND NAS,USW00024255
Island,1971,27700,WHIDBEY ISLAND NAS,USW00024255
Island,1972,27900,WHIDBEY ISLAND NAS,USW00024255
Island,1973,28200,WHIDBEY ISLAND NAS,USW00024255
Island,1974,28600,WHIDBEY ISLAND NAS,USW00024255
Island,1975,30000,WHIDBEY ISLAND NAS,USW00024255
Island,1976,33500,WHIDBEY ISLAND NAS,USW00024255
Island,1977,37528,WHIDBEY ISLAND NAS,USW00024255
Island,1978,39100,WHIDBEY ISLAND NAS,USW00024255
Island,1979,40200,WHIDBEY ISLAND NAS,USW00024255
Island,1980,41700,WHIDBEY ISLAND NAS,USW00024255
Island,1981,45200,WHIDBEY ISLAND NAS,USW00024255
Island,1982,46000,WHIDBEY ISLAND NAS,USW00024255
Island,1983,47000,WHIDBEY ISLAND NAS,USW00024255
Island,1984,47800,WHIDBEY ISLAND NAS,USW00024255
Island,1985,49200,WHIDBEY ISLAND NAS,USW00024255
Island,1986,50600,WHIDBEY ISLAND NAS,USW00024255
Island,1987,52100,WHIDBEY ISLAND NAS,USW00024255
Island,1988,53400,WHIDBEY ISLAND NAS,USW00024255
Island,1989,55300,WHIDBEY ISLAND NAS,USW00024255
Island,1990,59200,WHIDBEY ISLAND NAS,USW00024255
Island,1991,62700,WHIDBEY ISLAND NAS,USW00024255
Island,1992,64800,WHIDBEY ISLAND NAS,USW00024255
Island,1993,66500,WHIDBEY ISLAND NAS,USW00024255
Island,1994,67900,WHIDBEY ISLAND NAS,USW00024255
Island,1995,68900,WHIDBEY ISLAND NAS,USW00024255
Island,1996,70300,WHIDBEY ISLAND NAS,USW00024255
Island,1997,71600,WHIDBEY ISLAND NAS,USW00024255
Island,1998,72500,WHIDBEY ISLAND NAS,USW00024255
Island,1999,73300,WHIDBEY ISLAND NAS,USW00024255
Island,2000,74200,WHIDBEY ISLAND NAS,USW00024255
Island,2001,72400,WHIDBEY ISLAND NAS,USW00024255
Island,2002,73100,WHIDBEY ISLAND NAS,USW00024255
Island,2003,74000,WHIDBEY ISLAND NAS,USW00024255
Island,2004,74800,WHIDBEY ISLAND NAS,USW00024255
Island,2005,76000,WHIDBEY ISLAND NAS,USW00024255
Island,2006,77200,WHIDBEY ISLAND NAS,USW00024255
Island,2007,78400,WHIDBEY ISLAND NAS,USW00024255
Island,2008,79300,WHIDBEY ISLAND NAS,USW00024255
Island,2009,80300,WHIDBEY ISLAND NAS,USW00024255
Island,2010,81100,WHIDBEY ISLAND NAS,USW00024255
Island,2011,78800,WHIDBEY ISLAND NAS,USW00024255
Island,2012,79350,WHIDBEY ISLAND NAS,USW00024255
Island,2013,79700,WHIDBEY ISLAND NAS,USW00024255
Island,2014,80000,WHIDBEY ISLAND NAS,USW00024255
Island,2015,80600,WHIDBEY ISLAND NAS,USW00024255
Island,2016,82910,WHIDBEY ISLAND NAS,USW00024255
Island,2017,82790,WHIDBEY ISLAND NAS,USW00024255
Island,2018,83860,WHIDBEY ISLAND NAS,USW00024255
Island,2019,84820,WHIDBEY ISLAND NAS,USW00024255
Island,2020,85530,WHIDBEY ISLAND NAS,USW00024255
Island,2021,87100,WHIDBEY ISLAND NAS,USW00024255
Island,2022,87700,WHIDBEY ISLAND NAS,USW00024255
Island,2023,88150,WHIDBEY ISLAND NAS,USW00024255
Island,2024,88650,WHIDBEY ISLAND NAS,USW00024255
Lewis,1960,41858,CHEHALIS CENTRALIA AP,USW00000119
Lewis,1961,42300,CHEHALIS CENTRALIA AP,USW00000119
Lewis,1962,42500,CHEHALIS CENTRALIA AP,USW00000119
Lewis,1963,42500,CHEHALIS CENTRALIA AP,USW00000119
Lewis,1964,42400,CHEHALIS CENTRALIA AP,USW00000119
Lewis,1965,42900,CHEHALIS CENTRALIA AP,USW00000119
Lewis,1966,43400,CHEHALIS CENTRALIA AP,USW00000119
Lewis,1967,44200,CHEHALIS CENTRALIA AP,USW00000119
Lewis,1968,45300,CHEHALIS CENTRALIA AP,USW00000119
Lewis,1969,45700,CHEHALIS CENTRALIA AP,USW00000119
Lewis,1970,45467,CHEHALIS CENTRALIA AP,USW00000119
Lewis,1971,45800,CHEHALIS CENTRALIA AP,USW00000119
Lewis,1972,46000,CHEHALIS CENTRALIA AP,USW00000119
Lewis,1973,46400,CHEHALIS CENTRALIA AP,USW00000119
Lewis,1974,46400,CHEHALIS CENTRALIA AP,USW00000119
Lewis,1975,47100,CHEHALIS CENTRALIA AP,USW00000119
Lewis,1976,48600,CHEHALIS CENTRALIA AP,USW00000119
Lewis,1977,50600,CHEHALIS CENTRALIA AP,USW00000119
Lewis,1978,50800,CHEHALIS CENTRALIA AP,USW00000119
Lewis,1979,52400,CHEHALIS CENTRALIA AP,USW00000119
Lewis,1980,54300,CHEHALIS CENTRALIA AP,USW00000119
Lewis,1981,56700,CHEHALIS CENTRALIA AP,USW00000119
Lewis,1982,56400,CHEHALIS CENTRALIA AP,USW00000119
Lewis,1983,56000,CHEHALIS CENTRALIA AP,USW00000119
Lewis,1984,56600,CHEHALIS CENTRALIA AP,USW00000119
Lewis,1985,56500,CHEHALIS CENTRALIA AP,USW00000119
Lewis,1986,56800,CHEHALIS CENTRALIA AP,USW00000119
Lewis,1987,57100,CHEHALIS CENTRALIA AP,USW00000119
Lewis,1988,57400,CHEHALIS CENTRALIA AP,USW00000119
Lewis,1989,58000,CHEHALIS CENTRALIA AP,USW00000119
Lewis,1990,59200,CHEHALIS CENTRALIA AP,USW00000119
Lewis,1991,60500,CHEHALIS CENTRALIA AP,USW00000119
Lewis,1992,61500,CHEHALIS CENTRALIA AP,USW00000119
Lewis,1993,62900,CHEHALIS CENTRALIA AP,USW00000119
Lewis,1994,63600,CHEHALIS CENTRALIA AP,USW00000119
Lewis,1995,65500,CHEHALIS CENTRALIA AP,USW00000119
Lewis,1996,66700,CHEHALIS CENTRALIA AP,USW00000119
Lewis,1997,68300,CHEHALIS CENTRALIA AP,USW00000119
Lewis,1998,68600,CHEHALIS CENTRALIA AP,USW00000119
Lewis,1999,69000,CHEHALIS CENTRALIA AP,USW00000119
Lewis,2000,69000,CHEHALIS CENTRALIA AP,USW00000119
Lewis,2001,69500,CHEHALIS CENTRALIA AP,USW00000119
Lewis,2002,70200,CHEHALIS CENTRALIA AP,USW00000119
Lewis,2003,70400,CHEHALIS CENTRALIA AP,USW00000119
Lewis,2004,70700,CHEHALIS CENTRALIA AP,USW00000119
Lewis,2005,71600,CHEHALIS CENTRALIA AP,USW00000119
Lewis,2006,72900,CHEHALIS CENTRALIA AP,USW00000119
Lewis,2007,74100,CHEHALIS CENTRALIA AP,USW00000119
Lewis,2008,74700,CHEHALIS CENTRALIA AP,USW00000119
Lewis,2009,75200,CHEHALIS CENTRALIA AP,USW00000119
Lewis,2010,75600,CHEHALIS CENTRALIA AP,USW00000119
Lewis,2011,76000,CHEHALIS CENTRALIA AP,USW00000119
Lewis,2012,76300,CHEHALIS CENTRALIA AP,USW00000119
Lewis,2013,76200,CHEHALIS CENTRALIA AP,USW00000119
Lewis,2014,76300,CHEHALIS CENTRALIA AP,USW00000119
Lewis,2015,76660,CHEHALIS CENTRALIA AP,USW00000119
Lewis,2016,76890,CHEHALIS CENTRALIA AP,USW00000119
Lewis,2017,77440,CHEHALIS CENTRALIA AP,USW00000119
Lewis,2018,78380,CHEHALIS CENTRALIA AP,USW00000119
Lewis,2019,79480,CHEHALIS CENTRALIA AP,USW00000119
Lewis,2020,80250,CHEHALIS CENTRALIA AP,USW00000119
Lewis,2021,82700,CHEHALIS CENTRALIA AP,USW00000119
Lewis,2022,83400,CHEHALIS CENTRALIA AP,USW00000119
Lewis,2023,84075,CHEHALIS CENTRALIA AP,USW00000119
Lewis,2024,84950,CHEHALIS CENTRALIA AP,USW00000119
Lewis,1960,41858,TOLEDO AP,USW00024241
Lewis,1961,42300,TOLEDO AP,USW00024241
Lewis,1962,42500,TOLEDO AP,USW00024241
Lewis,1963,42500,TOLEDO AP,USW00024241
Lewis,1964,42400,TOLEDO AP,USW00024241
Lewis,1965,42900,TOLEDO AP,USW00024241
Lewis,1966,43400,TOLEDO AP,USW00024241
Lewis,1967,44200,TOLEDO AP,USW00024241
Lewis,1968,45300,TOLEDO AP,USW00024241
Lewis,1969,45700,TOLEDO AP,USW00024241
Lewis,1970,45467,TOLEDO AP,USW00024241
Lewis,1971,45800,TOLEDO AP,USW00024241
Lewis,1972,46000,TOLEDO AP,USW00024241
Lewis,1973,46400,TOLEDO AP,USW00024241
Lewis,1974,46400,TOLEDO AP,USW00024241
Lewis,1975,47100,TOLEDO AP,USW00024241
Lewis,1976,48600,TOLEDO AP,USW00024241
Lewis,1977,50600,TOLEDO AP,USW00024241
Lewis,1978,50800,TOLEDO AP,USW00024241
Lewis,1979,52400,TOLEDO AP,USW00024241
Lewis,1980,54300,TOLEDO AP,USW00024241
Lewis,1981,56700,TOLEDO AP,USW00024241
Lewis,1982,56400,TOLEDO AP,USW00024241
Lewis,1983,56000,TOLEDO AP,USW00024241
Lewis,1984,56600,TOLEDO AP,USW00024241
Lewis,1985,56500,TOLEDO AP,USW00024241
Lewis,1986,56800,TOLEDO AP,USW00024241
Lewis,1987,57100,TOLEDO AP,USW00024241
Lewis,1988,57400,TOLEDO AP,USW00024241
Lewis,1989,58000,TOLEDO AP,USW00024241
Lewis,1990,59200,TOLEDO AP,USW00024241
Lewis,1991,60500,TOLEDO AP,USW00024241
Lewis,1992,61500,TOLEDO AP,USW00024241
Lewis,1993,62900,TOLEDO AP,USW00024241
Lewis,1994,63600,TOLEDO AP,USW00024241
Lewis,1995,65500,TOLEDO AP,USW00024241
Lewis,1996,66700,TOLEDO AP,USW00024241
Lewis,1997,68300,TOLEDO AP,USW00024241
Lewis,1998,68600,TOLEDO AP,USW00024241
Lewis,1999,69000,TOLEDO AP,USW00024241
Lewis,2000,69000,TOLEDO AP,USW00024241
Lewis,2001,69500,TOLEDO AP,USW00024241
Lewis,2002,70200,TOLEDO AP,USW00024241
Lewis,2003,70400,TOLEDO AP,USW00024241
Lewis,2004,70700,TOLEDO AP,USW00024241
Lewis,2005,71600,TOLEDO AP,USW00024241
Lewis,2006,72900,TOLEDO AP,USW00024241
Lewis,2007,74100,TOLEDO AP,USW00024241
Lewis,2008,74700,TOLEDO AP,USW00024241
Lewis,2009,75200,TOLEDO AP,USW00024241
Lewis,2010,75600,TOLEDO AP,USW00024241
Lewis,2011,76000,TOLEDO AP,USW00024241
Lewis,2012,76300,TOLEDO AP,USW00024241
Lewis,2013,76200,TOLEDO AP,USW00024241
Lewis,2014,76300,TOLEDO AP,USW00024241
Lewis,2015,76660,TOLEDO AP,USW00024241
Lewis,2016,76890,TOLEDO AP,USW00024241
Lewis,2017,77440,TOLEDO AP,USW00024241
Lewis,2018,78380,TOLEDO AP,USW00024241
Lewis,2019,79480,TOLEDO AP,USW00024241
Lewis,2020,80250,TOLEDO AP,USW00024241
Lewis,2021,82700,TOLEDO AP,USW00024241
Lewis,2022,83400,TOLEDO AP,USW00024241
Lewis,2023,84075,TOLEDO AP,USW00024241
Lewis,2024,84950,TOLEDO AP,USW00024241
Clallam,1960,30022,PORT ANGELES WB AP,USW00024228 
Clallam,1961,30400,PORT ANGELES WB AP,USW00024228 
Clallam,1962,31000,PORT ANGELES WB AP,USW00024228 
Clallam,1963,30900,PORT ANGELES WB AP,USW00024228 
Clallam,1964,31300,PORT ANGELES WB AP,USW00024228 
Clallam,1965,31900,PORT ANGELES WB AP,USW00024228 
Clallam,1966,32500,PORT ANGELES WB AP,USW00024228 
Clallam,1967,33600,PORT ANGELES WB AP,USW00024228 
Clallam,1968,34300,PORT ANGELES WB AP,USW00024228 
Clallam,1969,34600,PORT ANGELES WB AP,USW00024228 
Clallam,1970,34770,PORT ANGELES WB AP,USW00024228 
Clallam,1971,34900,PORT ANGELES WB AP,USW00024228 
Clallam,1972,35100,PORT ANGELES WB AP,USW00024228 
Clallam,1973,35200,PORT ANGELES WB AP,USW00024228 
Clallam,1974,35800,PORT ANGELES WB AP,USW00024228 
Clallam,1975,37000,PORT ANGELES WB AP,USW00024228 
Clallam,1976,39800,PORT ANGELES WB AP,USW00024228 
Clallam,1977,41100,PORT ANGELES WB AP,USW00024228 
Clallam,1978,44200,PORT ANGELES WB AP,USW00024228 
Clallam,1979,46000,PORT ANGELES WB AP,USW00024228 
Clallam,1980,49500,PORT ANGELES WB AP,USW00024228 
Clallam,1981,52500,PORT ANGELES WB AP,USW00024228 
Clallam,1982,52100,PORT ANGELES WB AP,USW00024228 
Clallam,1983,52200,PORT ANGELES WB AP,USW00024228 
Clallam,1984,52900,PORT ANGELES WB AP,USW00024228 
Clallam,1985,52600,PORT ANGELES WB AP,USW00024228 
Clallam,1986,52900,PORT ANGELES WB AP,USW00024228 
Clallam,1987,53400,PORT ANGELES WB AP,USW00024228 
Clallam,1988,54400,PORT ANGELES WB AP,USW00024228 
Clallam,1989,55200,PORT ANGELES WB AP,USW00024228 
Clallam,1990,57000,PORT ANGELES WB AP,USW00024228 
Clallam,1991,58500,PORT ANGELES WB AP,USW00024228 
Clallam,1992,60000,PORT ANGELES WB AP,USW00024228 
Clallam,1993,61400,PORT ANGELES WB AP,USW00024228 
Clallam,1994,62500,PORT ANGELES WB AP,USW00024228 
Clallam,1995,63600,PORT ANGELES WB AP,USW00024228 
Clallam,1996,65000,PORT ANGELES WB AP,USW00024228 
Clallam,1997,66400,PORT ANGELES WB AP,USW00024228 
Clallam,1998,66700,PORT ANGELES WB AP,USW00024228 
Clallam,1999,66900,PORT ANGELES WB AP,USW00024228 
Clallam,2000,66700,PORT ANGELES WB AP,USW00024228 
Clallam,2001,64454,PORT ANGELES WB AP,USW00024228 
Clallam,2002,64900,PORT ANGELES WB AP,USW00024228 
Clallam,2003,65300,PORT ANGELES WB AP,USW00024228 
Clallam,2004,65900,PORT ANGELES WB AP,USW00024228 
Clallam,2005,66800,PORT ANGELES WB AP,USW00024228 
Clallam,2006,67800,PORT ANGELES WB AP,USW00024228 
Clallam,2007,68500,PORT ANGELES WB AP,USW00024228 
Clallam,2008,69200,PORT ANGELES WB AP,USW00024228 
Clallam,2009,69500,PORT ANGELES WB AP,USW00024228 
Clallam,2010,70100,PORT ANGELES WB AP,USW00024228 
Clallam,2011,71600,PORT ANGELES WB AP,USW00024228 
Clallam,2012,72000,PORT ANGELES WB AP,USW00024228 
Clallam,2013,72350,PORT ANGELES WB AP,USW00024228 
Clallam,2014,72500,PORT ANGELES WB AP,USW00024228 
Clallam,2015,72650,PORT ANGELES WB AP,USW00024228 
Clallam,2016,73410,PORT ANGELES WB AP,USW00024228 
Clallam,2017,74240,PORT ANGELES WB AP,USW00024228 
Clallam,2018,75130,PORT ANGELES WB AP,USW00024228 
Clallam,2019,76010,PORT ANGELES WB AP,USW00024228 
Clallam,2020,76770,PORT ANGELES WB AP,USW00024228 
Clallam,2021,77750,PORT ANGELES WB AP,USW00024228 
Clallam,2022,77625,PORT ANGELES WB AP,USW00024228 
Clallam,2023,78075,PORT ANGELES WB AP,USW00024228 
Clallam,2024,78550,PORT ANGELES WB AP,USW00024228 
Chelan,1960,40744,WENATCHEE PANGBORN MEM AP,USW00094239
Chelan,1961,40600,WENATCHEE PANGBORN MEM AP,USW00094239
Chelan,1962,40700,WENATCHEE PANGBORN MEM AP,USW00094239
Chelan,1963,40100,WENATCHEE PANGBORN MEM AP,USW00094239
Chelan,1964,40000,WENATCHEE PANGBORN MEM AP,USW00094239
Chelan,1965,39800,WENATCHEE PANGBORN MEM AP,USW00094239
Chelan,1966,39700,WENATCHEE PANGBORN MEM AP,USW00094239
Chelan,1967,40400,WENATCHEE PANGBORN MEM AP,USW00094239
Chelan,1968,40600,WENATCHEE PANGBORN MEM AP,USW00094239
Chelan,1969,40300,WENATCHEE PANGBORN MEM AP,USW00094239
Chelan,1970,41103,WENATCHEE PANGBORN MEM AP,USW00094239
Chelan,1971,41200,WENATCHEE PANGBORN MEM AP,USW00094239
Chelan,1972,41300,WENATCHEE PANGBORN MEM AP,USW00094239
Chelan,1973,41300,WENATCHEE PANGBORN MEM AP,USW00094239
Chelan,1974,41200,WENATCHEE PANGBORN MEM AP,USW00094239
Chelan,1975,40900,WENATCHEE PANGBORN MEM AP,USW00094239
Chelan,1976,41100,WENATCHEE PANGBORN MEM AP,USW00094239
Chelan,1977,41900,WENATCHEE PANGBORN MEM AP,USW00094239
Chelan,1978,42400,WENATCHEE PANGBORN MEM AP,USW00094239
Chelan,1979,43900,WENATCHEE PANGBORN MEM AP,USW00094239
Chelan,1980,45100,WENATCHEE PANGBORN MEM AP,USW00094239
Chelan,1981,46200,WENATCHEE PANGBORN MEM AP,USW00094239
Chelan,1982,45500,WENATCHEE PANGBORN MEM AP,USW00094239
Chelan,1983,46500,WENATCHEE PANGBORN MEM AP,USW00094239
Chelan,1984,47500,WENATCHEE PANGBORN MEM AP,USW00094239
Chelan,1985,48500,WENATCHEE PANGBORN MEM AP,USW00094239
Chelan,1986,48900,WENATCHEE PANGBORN MEM AP,USW00094239
Chelan,1987,48700,WENATCHEE PANGBORN MEM AP,USW00094239
Chelan,1988,49700,WENATCHEE PANGBORN MEM AP,USW00094239
Chelan,1989,48600,WENATCHEE PANGBORN MEM AP,USW00094239
Chelan,1990,50100,WENATCHEE PANGBORN MEM AP,USW00094239
Chelan,1991,53200,WENATCHEE PANGBORN MEM AP,USW00094239
Chelan,1992,54600,WENATCHEE PANGBORN MEM AP,USW00094239
Chelan,1993,56000,WENATCHEE PANGBORN MEM AP,USW00094239
Chelan,1994,58000,WENATCHEE PANGBORN MEM AP,USW00094239
Chelan,1995,60000,WENATCHEE PANGBORN MEM AP,USW00094239
Chelan,1996,61300,WENATCHEE PANGBORN MEM AP,USW00094239
Chelan,1997,62200,WENATCHEE PANGBORN MEM AP,USW00094239
Chelan,1998,62600,WENATCHEE PANGBORN MEM AP,USW00094239
Chelan,1999,63000,WENATCHEE PANGBORN MEM AP,USW00094239
Chelan,2000,62600,WENATCHEE PANGBORN MEM AP,USW00094239
Chelan,2001,67100,WENATCHEE PANGBORN MEM AP,USW00094239
Chelan,2002,67600,WENATCHEE PANGBORN MEM AP,USW00094239
Chelan,2003,67900,WENATCHEE PANGBORN MEM AP,USW00094239
Chelan,2004,68400,WENATCHEE PANGBORN MEM AP,USW00094239
Chelan,2005,69200,WENATCHEE PANGBORN MEM AP,USW00094239
Chelan,2006,70100,WENATCHEE PANGBORN MEM AP,USW00094239
Chelan,2007,71200,WENATCHEE PANGBORN MEM AP,USW00094239
Chelan,2008,72100,WENATCHEE PANGBORN MEM AP,USW00094239
Chelan,2009,72600,WENATCHEE PANGBORN MEM AP,USW00094239
Chelan,2010,73300,WENATCHEE PANGBORN MEM AP,USW00094239
Chelan,2011,72700,WENATCHEE PANGBORN MEM AP,USW00094239
Chelan,2012,73200,WENATCHEE PANGBORN MEM AP,USW00094239
Chelan,2013,73600,WENATCHEE PANGBORN MEM AP,USW00094239
Chelan,2014,74300,WENATCHEE PANGBORN MEM AP,USW00094239
Chelan,2015,75030,WENATCHEE PANGBORN MEM AP,USW00094239
Chelan,2016,75910,WENATCHEE PANGBORN MEM AP,USW00094239
Chelan,2017,76830,WENATCHEE PANGBORN MEM AP,USW00094239
Chelan,2018,77800,WENATCHEE PANGBORN MEM AP,USW00094239
Chelan,2019,78420,WENATCHEE PANGBORN MEM AP,USW00094239
Chelan,2020,79660,WENATCHEE PANGBORN MEM AP,USW00094239
Chelan,2021,80000,WENATCHEE PANGBORN MEM AP,USW00094239
Chelan,2022,80650,WENATCHEE PANGBORN MEM AP,USW00094239
Chelan,2023,81500,WENATCHEE PANGBORN MEM AP,USW00094239
Chelan,2024,82300,WENATCHEE PANGBORN MEM AP,USW00094239
Grays Harbor,1960,54465,HOQUIAM BOWERMAN AP,USW00094225
Grays Harbor,1961,55000,HOQUIAM BOWERMAN AP,USW00094225
Grays Harbor,1962,55400,HOQUIAM BOWERMAN AP,USW00094225
Grays Harbor,1963,55600,HOQUIAM BOWERMAN AP,USW00094225
Grays Harbor,1964,55900,HOQUIAM BOWERMAN AP,USW00094225
Grays Harbor,1965,56400,HOQUIAM BOWERMAN AP,USW00094225
Grays Harbor,1966,57200,HOQUIAM BOWERMAN AP,USW00094225
Grays Harbor,1967,58800,HOQUIAM BOWERMAN AP,USW00094225
Grays Harbor,1968,59300,HOQUIAM BOWERMAN AP,USW00094225
Grays Harbor,1969,59200,HOQUIAM BOWERMAN AP,USW00094225
Grays Harbor,1970,59553,HOQUIAM BOWERMAN AP,USW00094225
Grays Harbor,1971,60000,HOQUIAM BOWERMAN AP,USW00094225
Grays Harbor,1972,60000,HOQUIAM BOWERMAN AP,USW00094225
Grays Harbor,1973,60100,HOQUIAM BOWERMAN AP,USW00094225
Grays Harbor,1974,60100,HOQUIAM BOWERMAN AP,USW00094225
Grays Harbor,1975,60200,HOQUIAM BOWERMAN AP,USW00094225
Grays Harbor,1976,60500,HOQUIAM BOWERMAN AP,USW00094225
Grays Harbor,1977,61400,HOQUIAM BOWERMAN AP,USW00094225
Grays Harbor,1978,62300,HOQUIAM BOWERMAN AP,USW00094225
Grays Harbor,1979,63700,HOQUIAM BOWERMAN AP,USW00094225
Grays Harbor,1980,64600,HOQUIAM BOWERMAN AP,USW00094225
Grays Harbor,1981,66800,HOQUIAM BOWERMAN AP,USW00094225
Grays Harbor,1982,66100,HOQUIAM BOWERMAN AP,USW00094225
Grays Harbor,1983,65800,HOQUIAM BOWERMAN AP,USW00094225
Grays Harbor,1984,65100,HOQUIAM BOWERMAN AP,USW00094225
Grays Harbor,1985,63900,HOQUIAM BOWERMAN AP,USW00094225
Grays Harbor,1986,63000,HOQUIAM BOWERMAN AP,USW00094225
Grays Harbor,1987,63000,HOQUIAM BOWERMAN AP,USW00094225
Grays Harbor,1988,63400,HOQUIAM BOWERMAN AP,USW00094225
Grays Harbor,1989,63600,HOQUIAM BOWERMAN AP,USW00094225
Grays Harbor,1990,64200,HOQUIAM BOWERMAN AP,USW00094225
Grays Harbor,1991,65100,HOQUIAM BOWERMAN AP,USW00094225
Grays Harbor,1992,65400,HOQUIAM BOWERMAN AP,USW00094225
Grays Harbor,1993,66500,HOQUIAM BOWERMAN AP,USW00094225
Grays Harbor,1994,67400,HOQUIAM BOWERMAN AP,USW00094225
Grays Harbor,1995,67700,HOQUIAM BOWERMAN AP,USW00094225
Grays Harbor,1996,68200,HOQUIAM BOWERMAN AP,USW00094225
Grays Harbor,1997,68300,HOQUIAM BOWERMAN AP,USW00094225
Grays Harbor,1998,67900,HOQUIAM BOWERMAN AP,USW00094225
Grays Harbor,1999,67700,HOQUIAM BOWERMAN AP,USW00094225
Grays Harbor,2000,67100,HOQUIAM BOWERMAN AP,USW00094225
Grays Harbor,2001,68500,HOQUIAM BOWERMAN AP,USW00094225
Grays Harbor,2002,68400,HOQUIAM BOWERMAN AP,USW00094225
Grays Harbor,2003,68800,HOQUIAM BOWERMAN AP,USW00094225
Grays Harbor,2004,69200,HOQUIAM BOWERMAN AP,USW00094225
Grays Harbor,2005,69800,HOQUIAM BOWERMAN AP,USW00094225
Grays Harbor,2006,70400,HOQUIAM BOWERMAN AP,USW00094225
Grays Harbor,2007,70800,HOQUIAM BOWERMAN AP,USW00094225
Grays Harbor,2008,70900,HOQUIAM BOWERMAN AP,USW00094225
Grays Harbor,2009,71200,HOQUIAM BOWERMAN AP,USW00094225
Grays Harbor,2010,71600,HOQUIAM BOWERMAN AP,USW00094225
Grays Harbor,2011,72900,HOQUIAM BOWERMAN AP,USW00094225
Grays Harbor,2012,73150,HOQUIAM BOWERMAN AP,USW00094225
Grays Harbor,2013,73200,HOQUIAM BOWERMAN AP,USW00094225
Grays Harbor,2014,73300,HOQUIAM BOWERMAN AP,USW00094225
Grays Harbor,2015,73110,HOQUIAM BOWERMAN AP,USW00094225
Grays Harbor,2016,72820,HOQUIAM BOWERMAN AP,USW00094225
Grays Harbor,2017,72970,HOQUIAM BOWERMAN AP,USW00094225
Grays Harbor,2018,73610,HOQUIAM BOWERMAN AP,USW00094225
Grays Harbor,2019,74160,HOQUIAM BOWERMAN AP,USW00094225
Grays Harbor,2020,74720,HOQUIAM BOWERMAN AP,USW00094225
Grays Harbor,2021,76050,HOQUIAM BOWERMAN AP,USW00094225
Grays Harbor,2022,76400,HOQUIAM BOWERMAN AP,USW00094225
Grays Harbor,2023,77000,HOQUIAM BOWERMAN AP,USW00094225
Grays Harbor,2024,77400,HOQUIAM BOWERMAN AP,USW00094225
Mason,1960,16251,SHELTON AP,USW00094227
Mason,1961,16500,SHELTON AP,USW00094227
Mason,1962,17100,SHELTON AP,USW00094227
Mason,1963,17200,SHELTON AP,USW00094227
Mason,1964,17400,SHELTON AP,USW00094227
Mason,1965,17800,SHELTON AP,USW00094227
Mason,1966,18400,SHELTON AP,USW00094227
Mason,1967,19100,SHELTON AP,USW00094227
Mason,1968,19600,SHELTON AP,USW00094227
Mason,1969,20200,SHELTON AP,USW00094227
Mason,1970,20918,SHELTON AP,USW00094227
Mason,1971,21100,SHELTON AP,USW00094227
Mason,1972,21200,SHELTON AP,USW00094227
Mason,1973,21500,SHELTON AP,USW00094227
Mason,1974,21500,SHELTON AP,USW00094227
Mason,1975,22200,SHELTON AP,USW00094227
Mason,1976,24300,SHELTON AP,USW00094227
Mason,1977,24600,SHELTON AP,USW00094227
Mason,1978,26000,SHELTON AP,USW00094227
Mason,1979,27500,SHELTON AP,USW00094227
Mason,1980,29100,SHELTON AP,USW00094227
Mason,1981,31900,SHELTON AP,USW00094227
Mason,1982,32700,SHELTON AP,USW00094227
Mason,1983,33600,SHELTON AP,USW00094227
Mason,1984,34800,SHELTON AP,USW00094227
Mason,1985,34800,SHELTON AP,USW00094227
Mason,1986,35400,SHELTON AP,USW00094227
Mason,1987,36000,SHELTON AP,USW00094227
Mason,1988,36800,SHELTON AP,USW00094227
Mason,1989,37500,SHELTON AP,USW00094227
Mason,1990,38300,SHELTON AP,USW00094227
Mason,1991,39900,SHELTON AP,USW00094227
Mason,1992,41200,SHELTON AP,USW00094227
Mason,1993,42900,SHELTON AP,USW00094227
Mason,1994,44300,SHELTON AP,USW00094227
Mason,1995,45300,SHELTON AP,USW00094227
Mason,1996,46700,SHELTON AP,USW00094227
Mason,1997,47900,SHELTON AP,USW00094227
Mason,1998,48300,SHELTON AP,USW00094227
Mason,1999,48600,SHELTON AP,USW00094227
Mason,2000,49300,SHELTON AP,USW00094227
Mason,2001,49600,SHELTON AP,USW00094227
Mason,2002,49800,SHELTON AP,USW00094227
Mason,2003,50200,SHELTON AP,USW00094227
Mason,2004,50800,SHELTON AP,USW00094227
Mason,2005,51900,SHELTON AP,USW00094227
Mason,2006,53100,SHELTON AP,USW00094227
Mason,2007,54600,SHELTON AP,USW00094227
Mason,2008,56300,SHELTON AP,USW00094227
Mason,2009,56800,SHELTON AP,USW00094227
Mason,2010,57100,SHELTON AP,USW00094227
Mason,2011,61100,SHELTON AP,USW00094227
Mason,2012,61450,SHELTON AP,USW00094227
Mason,2013,61800,SHELTON AP,USW00094227
Mason,2014,62000,SHELTON AP,USW00094227
Mason,2015,62200,SHELTON AP,USW00094227
Mason,2016,62320,SHELTON AP,USW00094227
Mason,2017,63190,SHELTON AP,USW00094227
Mason,2018,64020,SHELTON AP,USW00094227
Mason,2019,64980,SHELTON AP,USW00094227
Mason,2020,65650,SHELTON AP,USW00094227
Mason,2021,65750,SHELTON AP,USW00094227
Mason,2022,66200,SHELTON AP,USW00094227
Mason,2023,67000,SHELTON AP,USW00094227
Mason,2024,67475,SHELTON AP,USW00094227
Walla Walla,1960,42195,WALLA WALLA RGNL AP,USW00024160 
Walla Walla,1961,42000,WALLA WALLA RGNL AP,USW00024160 
Walla Walla,1962,42200,WALLA WALLA RGNL AP,USW00024160 
Walla Walla,1963,41600,WALLA WALLA RGNL AP,USW00024160 
Walla Walla,1964,41500,WALLA WALLA RGNL AP,USW00024160 
Walla Walla,1965,41400,WALLA WALLA RGNL AP,USW00024160 
Walla Walla,1966,41200,WALLA WALLA RGNL AP,USW00024160 
Walla Walla,1967,42000,WALLA WALLA RGNL AP,USW00024160 
Walla Walla,1968,41300,WALLA WALLA RGNL AP,USW00024160 
Walla Walla,1969,41000,WALLA WALLA RGNL AP,USW00024160 
Walla Walla,1970,42176,WALLA WALLA RGNL AP,USW00024160 
Walla Walla,1971,42100,WALLA WALLA RGNL AP,USW00024160 
Walla Walla,1972,42000,WALLA WALLA RGNL AP,USW00024160 
Walla Walla,1973,42100,WALLA WALLA RGNL AP,USW00024160 
Walla Walla,1974,42000,WALLA WALLA RGNL AP,USW00024160 
Walla Walla,1975,42200,WALLA WALLA RGNL AP,USW00024160 
Walla Walla,1976,43000,WALLA WALLA RGNL AP,USW00024160 
Walla Walla,1977,43800,WALLA WALLA RGNL AP,USW00024160 
Walla Walla,1978,43800,WALLA WALLA RGNL AP,USW00024160 
Walla Walla,1979,45200,WALLA WALLA RGNL AP,USW00024160 
Walla Walla,1980,46600,WALLA WALLA RGNL AP,USW00024160 
Walla Walla,1981,47900,WALLA WALLA RGNL AP,USW00024160 
Walla Walla,1982,48300,WALLA WALLA RGNL AP,USW00024160 
Walla Walla,1983,48200,WALLA WALLA RGNL AP,USW00024160 
Walla Walla,1984,48500,WALLA WALLA RGNL AP,USW00024160 
Walla Walla,1985,48400,WALLA WALLA RGNL AP,USW00024160 
Walla Walla,1986,48500,WALLA WALLA RGNL AP,USW00024160 
Walla Walla,1987,48300,WALLA WALLA RGNL AP,USW00024160 
Walla Walla,1988,48300,WALLA WALLA RGNL AP,USW00024160 
Walla Walla,1989,48800,WALLA WALLA RGNL AP,USW00024160 
Walla Walla,1990,49100,WALLA WALLA RGNL AP,USW00024160 
Walla Walla,1991,49300,WALLA WALLA RGNL AP,USW00024160 
Walla Walla,1992,50500,WALLA WALLA RGNL AP,USW00024160 
Walla Walla,1993,51800,WALLA WALLA RGNL AP,USW00024160 
Walla Walla,1994,52600,WALLA WALLA RGNL AP,USW00024160 
Walla Walla,1995,52700,WALLA WALLA RGNL AP,USW00024160 
Walla Walla,1996,53400,WALLA WALLA RGNL AP,USW00024160 
Walla Walla,1997,54000,WALLA WALLA RGNL AP,USW00024160 
Walla Walla,1998,54600,WALLA WALLA RGNL AP,USW00024160 
Walla Walla,1999,54600,WALLA WALLA RGNL AP,USW00024160 
Walla Walla,2000,54200,WALLA WALLA RGNL AP,USW00024160 
Walla Walla,2001,55200,WALLA WALLA RGNL AP,USW00024160 
Walla Walla,2002,55400,WALLA WALLA RGNL AP,USW00024160 
Walla Walla,2003,55800,WALLA WALLA RGNL AP,USW00024160 
Walla Walla,2004,56700,WALLA WALLA RGNL AP,USW00024160 
Walla Walla,2005,57500,WALLA WALLA RGNL AP,USW00024160 
Walla Walla,2006,57900,WALLA WALLA RGNL AP,USW00024160 
Walla Walla,2007,58300,WALLA WALLA RGNL AP,USW00024160 
Walla Walla,2008,58600,WALLA WALLA RGNL AP,USW00024160 
Walla Walla,2009,59200,WALLA WALLA RGNL AP,USW00024160 
Walla Walla,2010,59600,WALLA WALLA RGNL AP,USW00024160 
Walla Walla,2011,58800,WALLA WALLA RGNL AP,USW00024160 
Walla Walla,2012,59100,WALLA WALLA RGNL AP,USW00024160 
Walla Walla,2013,59500,WALLA WALLA RGNL AP,USW00024160 
Walla Walla,2014,60150,WALLA WALLA RGNL AP,USW00024160 
Walla Walla,2015,60650,WALLA WALLA RGNL AP,USW00024160 
Walla Walla,2016,60730,WALLA WALLA RGNL AP,USW00024160 
Walla Walla,2017,61400,WALLA WALLA RGNL AP,USW00024160 
Walla Walla,2018,61800,WALLA WALLA RGNL AP,USW00024160 
Walla Walla,2019,62200,WALLA WALLA RGNL AP,USW00024160 
Walla Walla,2020,62580,WALLA WALLA RGNL AP,USW00024160 
Walla Walla,2021,62100,WALLA WALLA RGNL AP,USW00024160 
Walla Walla,2022,62625,WALLA WALLA RGNL AP,USW00024160 
Walla Walla,2023,63100,WALLA WALLA RGNL AP,USW00024160 
Walla Walla,2024,63375,WALLA WALLA RGNL AP,USW00024160 
Whitman,1960,31263,PULLMAN MOSCOW RGNL AP,USW00094129
Whitman,1961,31900,PULLMAN MOSCOW RGNL AP,USW00094129
Whitman,1962,32400,PULLMAN MOSCOW RGNL AP,USW00094129
Whitman,1963,33000,PULLMAN MOSCOW RGNL AP,USW00094129
Whitman,1964,33400,PULLMAN MOSCOW RGNL AP,USW00094129
Whitman,1965,34000,PULLMAN MOSCOW RGNL AP,USW00094129
Whitman,1966,34700,PULLMAN MOSCOW RGNL AP,USW00094129
Whitman,1967,35800,PULLMAN MOSCOW RGNL AP,USW00094129
Whitman,1968,37300,PULLMAN MOSCOW RGNL AP,USW00094129
Whitman,1969,37000,PULLMAN MOSCOW RGNL AP,USW00094129
Whitman,1970,37900,PULLMAN MOSCOW RGNL AP,USW00094129
Whitman,1971,38000,PULLMAN MOSCOW RGNL AP,USW00094129
Whitman,1972,38900,PULLMAN MOSCOW RGNL AP,USW00094129
Whitman,1973,38700,PULLMAN MOSCOW RGNL AP,USW00094129
Whitman,1974,38600,PULLMAN MOSCOW RGNL AP,USW00094129
Whitman,1975,38700,PULLMAN MOSCOW RGNL AP,USW00094129
Whitman,1976,40500,PULLMAN MOSCOW RGNL AP,USW00094129
Whitman,1977,41900,PULLMAN MOSCOW RGNL AP,USW00094129
Whitman,1978,41900,PULLMAN MOSCOW RGNL AP,USW00094129
Whitman,1979,42000,PULLMAN MOSCOW RGNL AP,USW00094129
Whitman,1980,42400,PULLMAN MOSCOW RGNL AP,USW00094129
Whitman,1981,40400,PULLMAN MOSCOW RGNL AP,USW00094129
Whitman,1982,40200,PULLMAN MOSCOW RGNL AP,USW00094129
Whitman,1983,39900,PULLMAN MOSCOW RGNL AP,USW00094129
Whitman,1984,39700,PULLMAN MOSCOW RGNL AP,USW00094129
Whitman,1985,39600,PULLMAN MOSCOW RGNL AP,USW00094129
Whitman,1986,39500,PULLMAN MOSCOW RGNL AP,USW00094129
Whitman,1987,39200,PULLMAN MOSCOW RGNL AP,USW00094129
Whitman,1988,39000,PULLMAN MOSCOW RGNL AP,USW00094129
Whitman,1989,37600,PULLMAN MOSCOW RGNL AP,USW00094129
Whitman,1990,38300,PULLMAN MOSCOW RGNL AP,USW00094129
Whitman,1991,38500,PULLMAN MOSCOW RGNL AP,USW00094129
Whitman,1992,38800,PULLMAN MOSCOW RGNL AP,USW00094129
Whitman,1993,39400,PULLMAN MOSCOW RGNL AP,USW00094129
Whitman,1994,39800,PULLMAN MOSCOW RGNL AP,USW00094129
Whitman,1995,40500,PULLMAN MOSCOW RGNL AP,USW00094129
Whitman,1996,41000,PULLMAN MOSCOW RGNL AP,USW00094129
Whitman,1997,41200,PULLMAN MOSCOW RGNL AP,USW00094129
Whitman,1998,41400,PULLMAN MOSCOW RGNL AP,USW00094129
Whitman,1999,41900,PULLMAN MOSCOW RGNL AP,USW00094129
Whitman,2000,41300,PULLMAN MOSCOW RGNL AP,USW00094129
Whitman,2001,40300,PULLMAN MOSCOW RGNL AP,USW00094129
Whitman,2002,40600,PULLMAN MOSCOW RGNL AP,USW00094129
Whitman,2003,41000,PULLMAN MOSCOW RGNL AP,USW00094129
Whitman,2004,41700,PULLMAN MOSCOW RGNL AP,USW00094129
Whitman,2005,42400,PULLMAN MOSCOW RGNL AP,USW00094129
Whitman,2006,42800,PULLMAN MOSCOW RGNL AP,USW00094129
Whitman,2007,42700,PULLMAN MOSCOW RGNL AP,USW00094129
Whitman,2008,43000,PULLMAN MOSCOW RGNL AP,USW00094129
Whitman,2009,43300,PULLMAN MOSCOW RGNL AP,USW00094129
Whitman,2010,43600,PULLMAN MOSCOW RGNL AP,USW00094129
Whitman,2011,44800,PULLMAN MOSCOW RGNL AP,USW00094129
Whitman,2012,45950,PULLMAN MOSCOW RGNL AP,USW00094129
Whitman,2013,46000,PULLMAN MOSCOW RGNL AP,USW00094129
Whitman,2014,46500,PULLMAN MOSCOW RGNL AP,USW00094129
Whitman,2015,47250,PULLMAN MOSCOW RGNL AP,USW00094129
Whitman,2016,47940,PULLMAN MOSCOW RGNL AP,USW00094129
Whitman,2017,48640,PULLMAN MOSCOW RGNL AP,USW00094129
Whitman,2018,49210,PULLMAN MOSCOW RGNL AP,USW00094129
Whitman,2019,50130,PULLMAN MOSCOW RGNL AP,USW00094129
Whitman,2020,50480,PULLMAN MOSCOW RGNL AP,USW00094129
Whitman,2021,44600,PULLMAN MOSCOW RGNL AP,USW00094129
Whitman,2022,47800,PULLMAN MOSCOW RGNL AP,USW00094129
Whitman,2023,48100,PULLMAN MOSCOW RGNL AP,USW00094129
Whitman,2024,48750,PULLMAN MOSCOW RGNL AP,USW00094129
Kittitas,1960,20467,ELLENSBURG BOWERS FLD,USW00024220
Kittitas,1961,20900,ELLENSBURG BOWERS FLD,USW00024220
Kittitas,1962,21200,ELLENSBURG BOWERS FLD,USW00024220
Kittitas,1963,21700,ELLENSBURG BOWERS FLD,USW00024220
Kittitas,1964,22000,ELLENSBURG BOWERS FLD,USW00024220
Kittitas,1965,22400,ELLENSBURG BOWERS FLD,USW00024220
Kittitas,1966,22800,ELLENSBURG BOWERS FLD,USW00024220
Kittitas,1967,23600,ELLENSBURG BOWERS FLD,USW00024220
Kittitas,1968,24600,ELLENSBURG BOWERS FLD,USW00024220
Kittitas,1969,24700,ELLENSBURG BOWERS FLD,USW00024220
Kittitas,1970,25039,ELLENSBURG BOWERS FLD,USW00024220
Kittitas,1971,25400,ELLENSBURG BOWERS FLD,USW00024220
Kittitas,1972,25500,ELLENSBURG BOWERS FLD,USW00024220
Kittitas,1973,25200,ELLENSBURG BOWERS FLD,USW00024220
Kittitas,1974,25100,ELLENSBURG BOWERS FLD,USW00024220
Kittitas,1975,25300,ELLENSBURG BOWERS FLD,USW00024220
Kittitas,1976,25500,ELLENSBURG BOWERS FLD,USW00024220
Kittitas,1977,25600,ELLENSBURG BOWERS FLD,USW00024220
Kittitas,1978,25600,ELLENSBURG BOWERS FLD,USW00024220
Kittitas,1979,26200,ELLENSBURG BOWERS FLD,USW00024220
Kittitas,1980,26300,ELLENSBURG BOWERS FLD,USW00024220
Kittitas,1981,25100,ELLENSBURG BOWERS FLD,USW00024220
Kittitas,1982,25100,ELLENSBURG BOWERS FLD,USW00024220
Kittitas,1983,24900,ELLENSBURG BOWERS FLD,USW00024220
Kittitas,1984,25000,ELLENSBURG BOWERS FLD,USW00024220
Kittitas,1985,25000,ELLENSBURG BOWERS FLD,USW00024220
Kittitas,1986,25000,ELLENSBURG BOWERS FLD,USW00024220
Kittitas,1987,25100,ELLENSBURG BOWERS FLD,USW00024220
Kittitas,1988,25000,ELLENSBURG BOWERS FLD,USW00024220
Kittitas,1989,25400,ELLENSBURG BOWERS FLD,USW00024220
Kittitas,1990,25800,ELLENSBURG BOWERS FLD,USW00024220
Kittitas,1991,27400,ELLENSBURG BOWERS FLD,USW00024220
Kittitas,1992,27800,ELLENSBURG BOWERS FLD,USW00024220
Kittitas,1993,29200,ELLENSBURG BOWERS FLD,USW00024220
Kittitas,1994,29700,ELLENSBURG BOWERS FLD,USW00024220
Kittitas,1995,30100,ELLENSBURG BOWERS FLD,USW00024220
Kittitas,1996,30800,ELLENSBURG BOWERS FLD,USW00024220
Kittitas,1997,31500,ELLENSBURG BOWERS FLD,USW00024220
Kittitas,1998,31400,ELLENSBURG BOWERS FLD,USW00024220
Kittitas,1999,32400,ELLENSBURG BOWERS FLD,USW00024220
Kittitas,2000,32500,ELLENSBURG BOWERS FLD,USW00024220
Kittitas,2001,34000,ELLENSBURG BOWERS FLD,USW00024220
Kittitas,2002,34800,ELLENSBURG BOWERS FLD,USW00024220
Kittitas,2003,35200,ELLENSBURG BOWERS FLD,USW00024220
Kittitas,2004,35800,ELLENSBURG BOWERS FLD,USW00024220
Kittitas,2005,36600,ELLENSBURG BOWERS FLD,USW00024220
Kittitas,2006,37400,ELLENSBURG BOWERS FLD,USW00024220
Kittitas,2007,38300,ELLENSBURG BOWERS FLD,USW00024220
Kittitas,2008,39400,ELLENSBURG BOWERS FLD,USW00024220
Kittitas,2009,39900,ELLENSBURG BOWERS FLD,USW00024220
Kittitas,2010,40500,ELLENSBURG BOWERS FLD,USW00024220
Kittitas,2011,41300,ELLENSBURG BOWERS FLD,USW00024220
Kittitas,2012,41500,ELLENSBURG BOWERS FLD,USW00024220
Kittitas,2013,41900,ELLENSBURG BOWERS FLD,USW00024220
Kittitas,2014,42100,ELLENSBURG BOWERS FLD,USW00024220
Kittitas,2015,42670,ELLENSBURG BOWERS FLD,USW00024220
Kittitas,2016,43710,ELLENSBURG BOWERS FLD,USW00024220
Kittitas,2017,44730,ELLENSBURG BOWERS FLD,USW00024220
Kittitas,2018,45600,ELLENSBURG BOWERS FLD,USW00024220
Kittitas,2019,46570,ELLENSBURG BOWERS FLD,USW00024220
Kittitas,2020,48140,ELLENSBURG BOWERS FLD,USW00024220
Kittitas,2021,45225,ELLENSBURG BOWERS FLD,USW00024220
Kittitas,2022,47200,ELLENSBURG BOWERS FLD,USW00024220
Kittitas,2023,47300,ELLENSBURG BOWERS FLD,USW00024220
Kittitas,2024,48600,ELLENSBURG BOWERS FLD,USW00024220
Douglas,1960,14890,WENATCHEE PANGBORN MEM AP,USW00094239
Douglas,1961,15100,WENATCHEE PANGBORN MEM AP,USW00094239
Douglas,1962,15000,WENATCHEE PANGBORN MEM AP,USW00094239
Douglas,1963,15200,WENATCHEE PANGBORN MEM AP,USW00094239
Douglas,1964,15300,WENATCHEE PANGBORN MEM AP,USW00094239
Douglas,1965,15300,WENATCHEE PANGBORN MEM AP,USW00094239
Douglas,1966,15600,WENATCHEE PANGBORN MEM AP,USW00094239
Douglas,1967,16100,WENATCHEE PANGBORN MEM AP,USW00094239
Douglas,1968,16600,WENATCHEE PANGBORN MEM AP,USW00094239
Douglas,1969,16600,WENATCHEE PANGBORN MEM AP,USW00094239
Douglas,1970,16787,WENATCHEE PANGBORN MEM AP,USW00094239
Douglas,1971,17100,WENATCHEE PANGBORN MEM AP,USW00094239
Douglas,1972,17300,WENATCHEE PANGBORN MEM AP,USW00094239
Douglas,1973,17500,WENATCHEE PANGBORN MEM AP,USW00094239
Douglas,1974,17700,WENATCHEE PANGBORN MEM AP,USW00094239
Douglas,1975,18100,WENATCHEE PANGBORN MEM AP,USW00094239
Douglas,1976,19000,WENATCHEE PANGBORN MEM AP,USW00094239
Douglas,1977,20100,WENATCHEE PANGBORN MEM AP,USW00094239
Douglas,1978,20600,WENATCHEE PANGBORN MEM AP,USW00094239
Douglas,1979,21000,WENATCHEE PANGBORN MEM AP,USW00094239
Douglas,1980,21600,WENATCHEE PANGBORN MEM AP,USW00094239
Douglas,1981,22800,WENATCHEE PANGBORN MEM AP,USW00094239
Douglas,1982,22400,WENATCHEE PANGBORN MEM AP,USW00094239
Douglas,1983,22400,WENATCHEE PANGBORN MEM AP,USW00094239
Douglas,1984,22600,WENATCHEE PANGBORN MEM AP,USW00094239
Douglas,1985,22900,WENATCHEE PANGBORN MEM AP,USW00094239
Douglas,1986,23300,WENATCHEE PANGBORN MEM AP,USW00094239
Douglas,1987,23500,WENATCHEE PANGBORN MEM AP,USW00094239
Douglas,1988,24100,WENATCHEE PANGBORN MEM AP,USW00094239
Douglas,1989,25400,WENATCHEE PANGBORN MEM AP,USW00094239
Douglas,1990,26500,WENATCHEE PANGBORN MEM AP,USW00094239
Douglas,1991,27500,WENATCHEE PANGBORN MEM AP,USW00094239
Douglas,1992,27900,WENATCHEE PANGBORN MEM AP,USW00094239
Douglas,1993,28500,WENATCHEE PANGBORN MEM AP,USW00094239
Douglas,1994,29300,WENATCHEE PANGBORN MEM AP,USW00094239
Douglas,1995,29600,WENATCHEE PANGBORN MEM AP,USW00094239
Douglas,1996,30400,WENATCHEE PANGBORN MEM AP,USW00094239
Douglas,1997,30800,WENATCHEE PANGBORN MEM AP,USW00094239
Douglas,1998,31400,WENATCHEE PANGBORN MEM AP,USW00094239
Douglas,1999,31700,WENATCHEE PANGBORN MEM AP,USW00094239
Douglas,2000,32200,WENATCHEE PANGBORN MEM AP,USW00094239
Douglas,2001,32800,WENATCHEE PANGBORN MEM AP,USW00094239
Douglas,2002,33100,WENATCHEE PANGBORN MEM AP,USW00094239
Douglas,2003,33600,WENATCHEE PANGBORN MEM AP,USW00094239
Douglas,2004,34200,WENATCHEE PANGBORN MEM AP,USW00094239
Douglas,2005,34700,WENATCHEE PANGBORN MEM AP,USW00094239
Douglas,2006,35700,WENATCHEE PANGBORN MEM AP,USW00094239
Douglas,2007,36300,WENATCHEE PANGBORN MEM AP,USW00094239
Douglas,2008,37000,WENATCHEE PANGBORN MEM AP,USW00094239
Douglas,2009,37600,WENATCHEE PANGBORN MEM AP,USW00094239
Douglas,2010,38500,WENATCHEE PANGBORN MEM AP,USW00094239
Douglas,2011,38650,WENATCHEE PANGBORN MEM AP,USW00094239
Douglas,2012,38900,WENATCHEE PANGBORN MEM AP,USW00094239
Douglas,2013,39280,WENATCHEE PANGBORN MEM AP,USW00094239
Douglas,2014,39700,WENATCHEE PANGBORN MEM AP,USW00094239
Douglas,2015,39990,WENATCHEE PANGBORN MEM AP,USW00094239
Douglas,2016,40720,WENATCHEE PANGBORN MEM AP,USW00094239
Douglas,2017,41420,WENATCHEE PANGBORN MEM AP,USW00094239
Douglas,2018,42120,WENATCHEE PANGBORN MEM AP,USW00094239
Douglas,2019,42820,WENATCHEE PANGBORN MEM AP,USW00094239
Douglas,2020,43750,WENATCHEE PANGBORN MEM AP,USW00094239
Douglas,2021,43550,WENATCHEE PANGBORN MEM AP,USW00094239
Douglas,2022,44000,WENATCHEE PANGBORN MEM AP,USW00094239
Douglas,2023,44500,WENATCHEE PANGBORN MEM AP,USW00094239
Douglas,2024,45150,WENATCHEE PANGBORN MEM AP,USW00094239
Okanogan,1960,25520,OMAK,USW00094197
Okanogan,1961,25500,OMAK,USW00094197
Okanogan,1962,25400,OMAK,USW00094197
Okanogan,1963,25000,OMAK,USW00094197
Okanogan,1964,25000,OMAK,USW00094197
Okanogan,1965,25100,OMAK,USW00094197
Okanogan,1966,25000,OMAK,USW00094197
Okanogan,1967,25200,OMAK,USW00094197
Okanogan,1968,25600,OMAK,USW00094197
Okanogan,1969,25100,OMAK,USW00094197
Okanogan,1970,25867,OMAK,USW00094197
Okanogan,1971,26200,OMAK,USW00094197
Okanogan,1972,26400,OMAK,USW00094197
Okanogan,1973,26500,OMAK,USW00094197
Okanogan,1974,26400,OMAK,USW00094197
Okanogan,1975,26500,OMAK,USW00094197
Okanogan,1976,26900,OMAK,USW00094197
Okanogan,1977,27800,OMAK,USW00094197
Okanogan,1978,29000,OMAK,USW00094197
Okanogan,1979,30500,OMAK,USW00094197
Okanogan,1980,31200,OMAK,USW00094197
Okanogan,1981,30900,OMAK,USW00094197
Okanogan,1982,31000,OMAK,USW00094197
Okanogan,1983,31500,OMAK,USW00094197
Okanogan,1984,31900,OMAK,USW00094197
Okanogan,1985,31700,OMAK,USW00094197
Okanogan,1986,31600,OMAK,USW00094197
Okanogan,1987,31600,OMAK,USW00094197
Okanogan,1988,31700,OMAK,USW00094197
Okanogan,1989,31700,OMAK,USW00094197
Okanogan,1990,32100,OMAK,USW00094197
Okanogan,1991,34000,OMAK,USW00094197
Okanogan,1992,34400,OMAK,USW00094197
Okanogan,1993,35400,OMAK,USW00094197
Okanogan,1994,35900,OMAK,USW00094197
Okanogan,1995,36900,OMAK,USW00094197
Okanogan,1996,37500,OMAK,USW00094197
Okanogan,1997,38400,OMAK,USW00094197
Okanogan,1998,38400,OMAK,USW00094197
Okanogan,1999,38400,OMAK,USW00094197
Okanogan,2000,38500,OMAK,USW00094197
Okanogan,2001,39700,OMAK,USW00094197
Okanogan,2002,39800,OMAK,USW00094197
Okanogan,2003,39600,OMAK,USW00094197
Okanogan,2004,39600,OMAK,USW00094197
Okanogan,2005,39600,OMAK,USW00094197
Okanogan,2006,39800,OMAK,USW00094197
Okanogan,2007,39800,OMAK,USW00094197
Okanogan,2008,40100,OMAK,USW00094197
Okanogan,2009,40500,OMAK,USW00094197
Okanogan,2010,40900,OMAK,USW00094197
Okanogan,2011,41200,OMAK,USW00094197
Okanogan,2012,41425,OMAK,USW00094197
Okanogan,2013,41500,OMAK,USW00094197
Okanogan,2014,41700,OMAK,USW00094197
Okanogan,2015,41860,OMAK,USW00094197
Okanogan,2016,41730,OMAK,USW00094197
Okanogan,2017,42110,OMAK,USW00094197
Okanogan,2018,42490,OMAK,USW00094197
Okanogan,2019,42730,OMAK,USW00094197
Okanogan,2020,43130,OMAK,USW00094197
Okanogan,2021,42350,OMAK,USW00094197
Okanogan,2022,42700,OMAK,USW00094197
Okanogan,2023,43000,OMAK,USW00094197
Okanogan,2024,43200,OMAK,USW00094197
